Date,Mode,Category,Subcategory,Note,Amount,Income/Expense,Currency
19/05/2021 02:42:42,Credit Card,subscription,Amazon Prime,,129.3,Expense,INR
27/08/2022 16:57:26,Cash,Apparel,Laundry,5 clothes washed,539.38,Expense,INR
28/10/2018 13:30:40,Cash,Income,Freelance,Upwork payout,11835.3,Income,INR
03/02/2019 16:06:06,Cash,Festivals,Diwali,,580.0,Expense,INR
09/09/2021 03:34:44,Credit Card,Investment,Small Cap fund 2,,5135.14,Transfer-Out,INR
11/11/2018 20:34:54,Cash,subscription,Netflix,Monthly plan,323.77,Expense,INR
07/11/2022 16:03:20,Credit Card,Apparel,Laundry,Blanket cleaned,788.6,Expense,INR
22/07/2021 11:29:27,Saving Bank account 1,Investment,Small Cap fund 2,,1119.18,Transfer-Out,INR
06/03/2019 05:24:40,Cash,Festivals,Holi,,852.63,Expense,INR
12/12/2021 10:34:14,Credit Card,Transportation,Train,To Office,491.57,Expense,INR
15/10/2019 12:36:51,Credit Card,Income,Bonus,Year-end bonus,14752.59,Income,INR
03/04/2021 07:55:41,Cash,Festivals,Ganesh Pujan,,395.64,Expense,INR
21/07/2022 05:39:53,Saving Bank account 1,Food,Grocery,Monthly stock,530.33,Expense,INR
26/03/2022 05:47:55,Cash,Transportation,Train,To Office,734.05,Expense,INR
28/08/2021 08:07:28,Saving Bank account 1,Apparel,Laundry,Blanket cleaned,656.48,Expense,INR
19/02/2019 02:56:22,Saving Bank account 1,subscription,Mobile Service Provider,,397.34,Expense,INR
29/06/2021 13:59:20,Credit Card,subscription,Amazon Prime,,340.03,Expense,INR
13/10/2020 09:49:03,Saving Bank account 1,subscription,Mobile Service Provider,,506.4,Expense,INR
23/11/2021 20:13:59,Cash,Apparel,Laundry,Blanket cleaned,43.1,Expense,INR
08/02/2021 04:53:29,Cash,subscription,Mobile Service Provider,,613.46,Expense,INR
15/02/2021 00:53:05,Credit Card,subscription,Netflix,Annual plan,566.48,Expense,INR
08/08/2020 10:12:31,Cash,Transportation,Auto,Home to Station,922.9,Expense,INR
28/12/2021 00:28:18,Cash,Festivals,Ganesh Pujan,,998.05,Expense,INR
01/05/2020 18:23:19,Credit Card,Food,Lunch,Restaurant,136.06,Expense,INR
24/09/2018 23:05:35,Cash,Investment,Small Cap fund 2,,2031.58,Transfer-Out,INR
05/11/2022 21:29:02,Cash,Transportation,Train,To Office,106.26,Expense,INR
21/04/2022 00:11:06,Cash,Income,Gpay Reward,Cashback,46586.82,Income,INR
09/12/2021 02:07:32,Credit Card,Investment,Equity Mutual Fund E,,2080.5,Transfer-Out,INR
20/12/2022 11:56:34,Saving Bank account 1,subscription,Netflix,Annual plan,31.99,Expense,INR
12/10/2020 01:40:20,Cash,Festivals,Ganesh Pujan,,899.23,Expense,INR
05/04/2022 18:43:32,Cash,Festivals,Diwali,,865.28,Expense,INR
12/04/2019 07:05:05,Credit Card,Apparel,Laundry,5 clothes washed,224.98,Expense,INR
24/08/2019 12:48:34,Saving Bank account 1,Apparel,Laundry,Blanket cleaned,917.0,Expense,INR
20/09/2020 21:13:46,Credit Card,Festivals,Holi,,266.06,Expense,INR
06/09/2022 20:41:29,Saving Bank account 1,Income,Freelance,Client payment,37322.68,Income,INR
19/01/2021 21:20:28,Saving Bank account 1,Investment,Small Cap fund 2,,6857.26,Transfer-Out,INR
27/06/2019 06:32:19,Credit Card,Investment,Equity Mutual Fund E,,7597.97,Transfer-Out,INR
23/01/2021 09:54:23,Credit Card,subscription,Mobile Service Provider,,519.42,Expense,INR
23/09/2021 00:40:01,Cash,Income,Salary,Monthly salary,18239.26,Income,INR
15/11/2020 14:16:14,Cash,Food,Grocery,Fruits & Veggies,58.26,Expense,INR
20/05/2020 09:43:44,Cash,Other,Donation,To Temple,712.17,Expense,INR
04/04/2020 06:37:13,Credit Card,Other,Donation,Street Charity,286.92,Expense,INR
04/07/2022 14:53:59,Credit Card,Income,Freelance,Upwork payout,46473.38,Income,INR
27/06/2022 04:23:12,Cash,Investment,Equity Mutual Fund E,,4107.85,Transfer-Out,INR
05/11/2018 20:15:21,Cash,Apparel,Laundry,Blanket cleaned,322.48,Expense,INR
01/07/2020 20:48:11,Cash,Investment,Small Cap fund 2,,9941.44,Transfer-Out,INR
02/08/2021 20:57:05,Saving Bank account 1,Income,Freelance,Upwork payout,20820.91,Income,INR
12/08/2020 03:11:19,Credit Card,Other,Misc,,476.06,Expense,INR
21/09/2022 13:04:19,Credit Card,Other,Donation,Street Charity,376.7,Expense,INR
13/08/2019 14:33:01,Cash,Income,Bonus,Year-end bonus,32476.03,Income,INR
22/11/2021 02:37:02,Cash,Income,Salary,Monthly salary,37826.52,Income,INR
12/09/2020 00:40:47,Saving Bank account 1,Other,Misc,,383.16,Expense,INR
14/01/2022 10:20:26,Credit Card,Transportation,Train,Place A to B,279.79,Expense,INR
10/12/2022 18:13:54,Saving Bank account 1,Apparel,Laundry,5 clothes washed,492.43,Expense,INR
20/01/2021 04:08:30,Credit Card,Other,Misc,,835.33,Expense,INR
14/01/2022 15:50:03,Saving Bank account 1,Investment,Small Cap fund 2,,1725.25,Transfer-Out,INR
28/10/2019 22:04:49,Saving Bank account 1,Festivals,Ganesh Pujan,,876.12,Expense,INR
17/03/2022 05:44:05,Cash,Transportation,Train,To Office,354.74,Expense,INR
11/06/2021 07:02:37,Saving Bank account 1,Festivals,Ganesh Pujan,,289.6,Expense,INR
14/11/2019 00:55:33,Credit Card,Apparel,Laundry,5 clothes washed,122.99,Expense,INR
11/08/2022 20:40:30,Saving Bank account 1,Apparel,Laundry,Blanket cleaned,793.92,Expense,INR
23/10/2021 04:49:18,Credit Card,Transportation,Auto,Home to Station,882.12,Expense,INR
24/05/2021 12:18:08,Credit Card,Food,Grocery,Monthly stock,849.33,Expense,INR
04/10/2022 14:28:30,Cash,Investment,Small Cap fund 2,,5515.03,Transfer-Out,INR
03/02/2020 22:33:31,Credit Card,subscription,Spotify,,715.32,Expense,INR
07/04/2019 09:22:33,Credit Card,Investment,Equity Mutual Fund E,,5699.14,Transfer-Out,INR
12/09/2021 18:42:29,Cash,Apparel,Laundry,5 clothes washed,586.12,Expense,INR
11/09/2021 10:51:09,Cash,Other,Gift,Festival Gift,86.73,Expense,INR
25/11/2022 03:38:10,Credit Card,Food,Grocery,Monthly stock,792.33,Expense,INR
09/12/2021 06:54:15,Credit Card,Income,Freelance,Client payment,26124.1,Income,INR
13/07/2022 09:54:14,Cash,Transportation,Auto,Home to Station,850.92,Expense,INR
04/06/2020 01:41:44,Saving Bank account 1,Investment,Equity Mutual Fund E,,7367.57,Transfer-Out,INR
07/07/2021 07:33:31,Credit Card,Food,snacks,Vadapav & Tea,273.88,Expense,INR
05/08/2021 01:41:30,Cash,Apparel,Laundry,Blanket cleaned,580.87,Expense,INR
17/06/2020 09:53:46,Credit Card,Food,snacks,Burger,597.23,Expense,INR
04/03/2021 00:05:10,Credit Card,Transportation,Train,Place A to B,784.32,Expense,INR
06/09/2022 18:45:16,Saving Bank account 1,Transportation,Bus,Commute to Market,481.06,Expense,INR
30/08/2021 23:02:21,Credit Card,Transportation,Train,To Office,881.98,Expense,INR
19/11/2022 17:12:51,Saving Bank account 1,Transportation,Auto,Office to Home,166.75,Expense,INR
20/05/2019 04:55:27,Credit Card,Apparel,Laundry,5 clothes washed,424.0,Expense,INR
05/08/2022 11:15:05,Cash,Apparel,Laundry,5 clothes washed,674.02,Expense,INR
11/08/2022 20:54:31,Credit Card,Food,Grocery,Fruits & Veggies,921.52,Expense,INR
28/04/2020 10:16:12,Cash,Apparel,Laundry,Blanket cleaned,674.59,Expense,INR
14/04/2021 13:04:55,Saving Bank account 1,Apparel,Laundry,Blanket cleaned,506.36,Expense,INR
03/12/2019 09:06:04,Cash,Investment,Small Cap fund 2,,4215.84,Transfer-Out,INR
27/09/2018 05:37:00,Saving Bank account 1,Food,Milk,1L Amul milk,483.03,Expense,INR
06/05/2021 09:36:21,Saving Bank account 1,Other,Misc,,637.06,Expense,INR
22/02/2022 14:44:57,Saving Bank account 1,Other,Donation,Street Charity,714.37,Expense,INR
24/11/2020 12:09:44,Cash,Investment,Equity Mutual Fund E,,624.76,Transfer-Out,INR
26/07/2021 00:21:20,Saving Bank account 1,Other,Gift,Birthday Gift,452.45,Expense,INR
04/04/2021 14:55:12,Saving Bank account 1,subscription,Spotify,,345.86,Expense,INR
10/04/2019 21:13:42,Cash,Festivals,Holi,,846.89,Expense,INR
25/08/2020 03:37:41,Saving Bank account 1,Transportation,Bus,Commute to Market,443.4,Expense,INR
13/04/2019 09:56:30,Credit Card,Apparel,Laundry,Blanket cleaned,992.92,Expense,INR
03/05/2021 05:57:57,Saving Bank account 1,Transportation,Train,Place A to B,567.0,Expense,INR
10/07/2020 08:12:55,Saving Bank account 1,Transportation,Bus,To Tuition,165.78,Expense,INR
13/10/2019 13:06:37,Saving Bank account 1,Income,Salary,Monthly salary,38550.23,Income,INR
03/06/2020 14:18:36,Cash,Festivals,Holi,,490.18,Expense,INR
25/12/2022 11:12:52,Credit Card,Festivals,Holi,,357.94,Expense,INR
18/08/2020 00:13:42,Saving Bank account 1,Apparel,Laundry,5 clothes washed,721.72,Expense,INR
24/11/2018 23:01:24,Saving Bank account 1,subscription,Amazon Prime,,264.84,Expense,INR
02/11/2021 13:11:14,Cash,Other,Misc,,157.17,Expense,INR
25/04/2021 17:14:11,Cash,Transportation,Train,To Office,865.37,Expense,INR
03/10/2020 18:31:32,Saving Bank account 1,Investment,Equity Mutual Fund E,,4143.63,Transfer-Out,INR
19/03/2019 13:31:05,Cash,Other,Gift,Birthday Gift,40.48,Expense,INR
19/02/2022 05:29:24,Credit Card,subscription,Spotify,,958.24,Expense,INR
23/02/2021 18:29:47,Cash,subscription,Spotify,,669.65,Expense,INR
02/04/2019 20:55:00,Saving Bank account 1,Apparel,Laundry,Blanket cleaned,574.95,Expense,INR
03/02/2019 14:25:10,Cash,Investment,Small Cap fund 2,,6445.56,Transfer-Out,INR
20/10/2019 16:35:19,Credit Card,Festivals,Ganesh Pujan,,59.84,Expense,INR
20/03/2020 00:42:24,Credit Card,Income,Bonus,Year-end bonus,31045.0,Income,INR
18/12/2021 08:59:09,Credit Card,Festivals,Holi,,163.56,Expense,INR
01/09/2019 01:02:47,Cash,Income,Freelance,Client payment,25301.96,Income,INR
23/06/2020 16:40:49,Cash,Food,Milk,1L Amul milk,798.88,Expense,INR
28/09/2020 14:36:27,Credit Card,Festivals,Ganesh Pujan,,180.06,Expense,INR
09/05/2019 00:31:45,Saving Bank account 1,Investment,Small Cap fund 2,,4131.05,Transfer-Out,INR
22/10/2018 12:33:59,Saving Bank account 1,Income,Gpay Reward,Cashback,19562.85,Income,INR
19/05/2021 06:23:33,Saving Bank account 1,Other,Gift,Festival Gift,628.17,Expense,INR
10/01/2020 19:56:31,Cash,Festivals,Holi,,644.77,Expense,INR
01/04/2022 22:52:53,Credit Card,Food,Grocery,Monthly stock,641.24,Expense,INR
26/03/2022 23:17:30,Credit Card,Investment,Equity Mutual Fund E,,3769.1,Transfer-Out,INR
11/05/2020 22:55:04,Saving Bank account 1,Other,Donation,Street Charity,547.61,Expense,INR
26/05/2022 14:59:18,Saving Bank account 1,Food,snacks,Chips & Cola,854.77,Expense,INR
30/01/2020 13:31:16,Cash,Festivals,Ganesh Pujan,,608.34,Expense,INR
29/10/2022 04:34:06,Credit Card,Income,Salary,Monthly salary,22266.33,Income,INR
01/10/2021 20:32:42,Cash,Investment,Small Cap fund 2,,6868.29,Transfer-Out,INR
04/06/2020 00:16:03,Credit Card,Food,Grocery,Monthly stock,309.63,Expense,INR
13/04/2019 03:22:50,Cash,Food,Grocery,Fruits & Veggies,632.49,Expense,INR
23/07/2022 02:18:00,Credit Card,Income,Salary,Monthly salary,14079.81,Income,INR
19/11/2022 08:04:42,Credit Card,Transportation,Train,Place A to B,617.47,Expense,INR
19/08/2020 18:33:20,Cash,Income,Salary,Monthly salary,22778.03,Income,INR
20/11/2018 01:08:06,Credit Card,subscription,Mobile Service Provider,,947.96,Expense,INR
28/12/2018 01:12:02,Saving Bank account 1,Apparel,Laundry,5 clothes washed,986.77,Expense,INR
10/05/2019 23:53:29,Saving Bank account 1,Investment,Equity Mutual Fund E,,7716.2,Transfer-Out,INR
23/01/2020 23:30:48,Credit Card,subscription,Mobile Service Provider,,218.5,Expense,INR
15/01/2020 19:01:28,Cash,Apparel,Laundry,5 clothes washed,997.74,Expense,INR
06/07/2020 18:11:37,Credit Card,Transportation,Auto,Office to Home,73.41,Expense,INR
14/02/2022 12:05:34,Cash,Festivals,Ganesh Pujan,,961.66,Expense,INR
12/09/2022 22:35:06,Cash,Investment,Small Cap fund 2,,3387.17,Transfer-Out,INR
30/10/2021 11:23:22,Saving Bank account 1,subscription,Netflix,Monthly plan,824.73,Expense,INR
24/08/2019 14:54:04,Saving Bank account 1,Transportation,Bus,To Tuition,979.28,Expense,INR
02/02/2022 01:47:06,Cash,Investment,Equity Mutual Fund E,,7798.11,Transfer-Out,INR
20/03/2022 00:24:58,Saving Bank account 1,Food,Lunch,Restaurant,271.18,Expense,INR
20/05/2020 03:30:52,Credit Card,Festivals,Ganesh Pujan,,468.26,Expense,INR
30/07/2019 04:54:04,Cash,Apparel,Laundry,Blanket cleaned,797.11,Expense,INR
09/07/2022 02:27:03,Credit Card,Income,Bonus,Year-end bonus,8765.28,Income,INR
26/01/2021 14:02:03,Credit Card,Festivals,Ganesh Pujan,,99.83,Expense,INR
12/04/2020 08:42:02,Saving Bank account 1,subscription,Netflix,Annual plan,464.51,Expense,INR
14/02/2020 00:39:14,Cash,Food,Grocery,Monthly stock,604.94,Expense,INR
01/01/2019 23:05:30,Credit Card,Apparel,Laundry,5 clothes washed,317.81,Expense,INR
04/02/2021 20:59:57,Saving Bank account 1,Transportation,Bus,Commute to Market,321.23,Expense,INR
26/12/2018 20:55:20,Cash,subscription,Netflix,Annual plan,860.27,Expense,INR
29/08/2020 09:58:58,Credit Card,Income,Salary,Monthly salary,22890.44,Income,INR
07/12/2019 13:24:25,Credit Card,subscription,Amazon Prime,,922.53,Expense,INR
28/12/2022 09:04:12,Saving Bank account 1,subscription,Amazon Prime,,504.34,Expense,INR
10/09/2018 08:43:19,Cash,Other,Misc,,148.42,Expense,INR
24/01/2020 05:14:48,Credit Card,Apparel,Laundry,5 clothes washed,265.04,Expense,INR
05/09/2022 02:50:47,Saving Bank account 1,Investment,Small Cap fund 2,,9695.4,Transfer-Out,INR
09/08/2020 20:21:09,Saving Bank account 1,Food,Milk,Half litre milk,453.75,Expense,INR
16/11/2020 10:35:55,Saving Bank account 1,Apparel,Laundry,Blanket cleaned,999.43,Expense,INR
11/08/2019 15:52:34,Credit Card,Income,Freelance,Client payment,19206.56,Income,INR
07/11/2020 15:14:08,Saving Bank account 1,Transportation,Bus,Commute to Market,650.43,Expense,INR
18/09/2018 12:06:46,Credit Card,Transportation,Bus,To Tuition,28.64,Expense,INR
23/06/2021 17:20:55,Cash,Festivals,Diwali,,800.62,Expense,INR
17/12/2019 17:08:18,Cash,Festivals,Diwali,,473.85,Expense,INR
08/06/2021 21:57:46,Saving Bank account 1,Income,Salary,Monthly salary,10711.41,Income,INR
17/11/2021 20:31:34,Credit Card,Income,Bonus,Year-end bonus,10887.26,Income,INR
10/07/2019 10:16:30,Saving Bank account 1,Festivals,Ganesh Pujan,,435.81,Expense,INR
20/02/2022 12:05:15,Credit Card,Other,Donation,Street Charity,67.53,Expense,INR
21/09/2021 05:48:26,Saving Bank account 1,subscription,Spotify,,810.03,Expense,INR
27/05/2022 09:14:43,Credit Card,subscription,Spotify,,762.67,Expense,INR
16/02/2021 01:03:35,Saving Bank account 1,Food,snacks,Chips & Cola,561.42,Expense,INR
08/03/2019 19:44:26,Cash,Transportation,Auto,Office to Home,628.1,Expense,INR
31/10/2020 14:20:56,Credit Card,Apparel,Laundry,5 clothes washed,53.0,Expense,INR
24/03/2019 02:45:03,Saving Bank account 1,subscription,Amazon Prime,,751.17,Expense,INR
30/03/2021 13:57:25,Credit Card,Apparel,Laundry,Blanket cleaned,683.43,Expense,INR
21/12/2021 08:19:43,Credit Card,Transportation,Auto,Office to Home,81.78,Expense,INR
14/05/2022 12:18:10,Credit Card,subscription,Spotify,,275.4,Expense,INR
05/03/2021 14:54:14,Cash,Income,Bonus,Year-end bonus,35983.15,Income,INR
23/07/2019 11:11:19,Saving Bank account 1,Transportation,Train,Place A to B,621.72,Expense,INR
08/10/2018 02:14:37,Cash,subscription,Mobile Service Provider,,789.43,Expense,INR
15/02/2022 14:00:46,Cash,Transportation,Train,To Office,805.81,Expense,INR
08/10/2018 10:47:51,Credit Card,Apparel,Laundry,5 clothes washed,855.75,Expense,INR
08/01/2021 08:31:35,Saving Bank account 1,Investment,Small Cap fund 2,,7305.79,Transfer-Out,INR
24/12/2022 06:04:20,Saving Bank account 1,Investment,Equity Mutual Fund E,,5319.52,Transfer-Out,INR
13/07/2019 16:34:59,Cash,subscription,Mobile Service Provider,,173.94,Expense,INR
30/11/2021 17:13:13,Credit Card,Food,Lunch,Restaurant,657.88,Expense,INR
14/11/2020 22:30:02,Cash,Other,Misc,,257.73,Expense,INR
29/11/2021 05:57:00,Saving Bank account 1,Other,Donation,To Temple,801.01,Expense,INR
24/03/2019 21:12:21,Cash,Investment,Small Cap fund 2,,6328.16,Transfer-Out,INR
21/02/2022 13:08:44,Saving Bank account 1,Other,Misc,,386.54,Expense,INR
05/11/2019 23:57:11,Saving Bank account 1,Transportation,Train,Place A to B,396.39,Expense,INR
15/05/2020 06:42:52,Saving Bank account 1,Income,Gpay Reward,Cashback,47371.42,Income,INR
07/10/2019 06:54:56,Cash,Income,Bonus,Year-end bonus,31546.73,Income,INR
19/11/2022 12:09:16,Credit Card,Apparel,Laundry,5 clothes washed,192.2,Expense,INR
09/12/2022 10:26:29,Credit Card,Transportation,Train,To Office,337.55,Expense,INR
06/11/2019 23:43:17,Credit Card,Other,Donation,To Temple,201.26,Expense,INR
20/07/2021 09:12:22,Cash,Income,Bonus,Year-end bonus,4610.38,Income,INR
08/11/2021 15:53:06,Cash,Food,Milk,Half litre milk,971.42,Expense,INR
21/06/2020 09:22:30,Saving Bank account 1,Investment,Equity Mutual Fund E,,1244.12,Transfer-Out,INR
02/05/2020 16:51:30,Credit Card,Festivals,Holi,,728.26,Expense,INR
14/11/2018 16:59:26,Saving Bank account 1,Festivals,Diwali,,960.69,Expense,INR
29/06/2022 12:07:40,Credit Card,Other,Gift,Festival Gift,598.28,Expense,INR
29/09/2019 09:17:59,Credit Card,Income,Salary,Monthly salary,12151.21,Income,INR
19/02/2019 20:21:47,Credit Card,Investment,Equity Mutual Fund E,,7886.79,Transfer-Out,INR
16/05/2020 03:04:27,Cash,Transportation,Auto,Office to Home,519.11,Expense,INR
26/01/2022 06:37:16,Cash,Income,Freelance,Upwork payout,3567.43,Income,INR
28/10/2020 16:56:39,Credit Card,Investment,Equity Mutual Fund E,,2907.89,Transfer-Out,INR
22/09/2022 03:27:34,Saving Bank account 1,Apparel,Laundry,Blanket cleaned,42.47,Expense,INR
09/04/2022 19:45:04,Credit Card,Apparel,Laundry,5 clothes washed,515.66,Expense,INR
07/12/2018 14:12:05,Credit Card,Food,Lunch,Home Delivery,890.13,Expense,INR
12/12/2019 04:54:55,Cash,Income,Bonus,Year-end bonus,18236.67,Income,INR
20/11/2019 01:30:53,Cash,Festivals,Diwali,,477.78,Expense,INR
03/02/2021 22:04:07,Cash,Food,Lunch,Home Delivery,918.08,Expense,INR
17/07/2022 22:46:56,Credit Card,subscription,Netflix,Annual plan,266.15,Expense,INR
09/01/2021 05:44:43,Cash,Festivals,Ganesh Pujan,,584.09,Expense,INR
08/07/2020 16:24:45,Saving Bank account 1,subscription,Netflix,Monthly plan,782.93,Expense,INR
14/10/2021 16:33:04,Credit Card,Income,Salary,Monthly salary,26193.01,Income,INR
15/09/2019 23:01:44,Saving Bank account 1,Other,Donation,To Temple,494.53,Expense,INR
15/11/2019 22:27:27,Cash,Festivals,Holi,,45.1,Expense,INR
22/06/2020 23:02:34,Credit Card,Food,Milk,1L Amul milk,235.42,Expense,INR
30/10/2022 10:21:26,Saving Bank account 1,Food,snacks,Burger,286.13,Expense,INR
21/06/2019 18:57:08,Saving Bank account 1,Festivals,Holi,,494.5,Expense,INR
26/10/2022 09:21:18,Cash,Food,snacks,Chips & Cola,494.14,Expense,INR
18/09/2019 22:52:24,Credit Card,Investment,Equity Mutual Fund E,,2579.81,Transfer-Out,INR
05/08/2021 00:10:58,Credit Card,Transportation,Train,To Office,448.17,Expense,INR
26/02/2019 18:04:27,Credit Card,Festivals,Ganesh Pujan,,288.09,Expense,INR
06/12/2019 21:56:50,Cash,Investment,Small Cap fund 2,,7925.98,Transfer-Out,INR
14/02/2022 06:43:15,Saving Bank account 1,Food,snacks,Burger,356.21,Expense,INR
06/08/2020 12:42:56,Credit Card,subscription,Netflix,Monthly plan,337.16,Expense,INR
11/10/2021 18:03:13,Saving Bank account 1,Investment,Small Cap fund 2,,7676.46,Transfer-Out,INR
09/01/2019 18:19:16,Cash,Income,Salary,Monthly salary,22289.02,Income,INR
22/06/2022 05:37:10,Saving Bank account 1,Investment,Equity Mutual Fund E,,8801.91,Transfer-Out,INR
01/12/2019 23:53:31,Saving Bank account 1,Transportation,Auto,Office to Home,176.49,Expense,INR
07/04/2022 21:01:21,Credit Card,Apparel,Laundry,5 clothes washed,38.84,Expense,INR
16/05/2019 12:44:55,Saving Bank account 1,Festivals,Holi,,683.7,Expense,INR
31/10/2022 11:26:00,Saving Bank account 1,Income,Gpay Reward,Cashback,17742.49,Income,INR
20/05/2020 05:36:21,Saving Bank account 1,Transportation,Auto,Office to Home,705.68,Expense,INR
16/03/2019 04:55:21,Cash,Income,Freelance,Upwork payout,1207.91,Income,INR
23/11/2022 10:43:56,Saving Bank account 1,Apparel,Laundry,Blanket cleaned,443.63,Expense,INR
02/12/2022 16:18:23,Credit Card,Apparel,Laundry,5 clothes washed,653.5,Expense,INR
16/02/2019 03:40:34,Cash,Festivals,Ganesh Pujan,,689.14,Expense,INR
11/10/2022 23:03:36,Credit Card,Apparel,Laundry,5 clothes washed,699.13,Expense,INR
04/10/2020 15:22:54,Cash,Income,Salary,Monthly salary,33402.95,Income,INR
06/01/2019 02:54:25,Cash,Apparel,Laundry,5 clothes washed,414.22,Expense,INR
19/10/2021 05:31:23,Credit Card,subscription,Netflix,Annual plan,158.87,Expense,INR
02/07/2021 17:36:29,Cash,subscription,Amazon Prime,,792.66,Expense,INR
17/10/2021 18:51:51,Cash,Investment,Equity Mutual Fund E,,6787.2,Transfer-Out,INR
14/07/2019 19:11:33,Credit Card,Investment,Equity Mutual Fund E,,1522.4,Transfer-Out,INR
16/05/2021 21:07:20,Cash,subscription,Spotify,,800.13,Expense,INR
22/07/2022 12:26:02,Cash,Income,Freelance,Upwork payout,21753.22,Income,INR
13/05/2022 03:33:46,Saving Bank account 1,subscription,Spotify,,116.86,Expense,INR
17/12/2020 21:28:25,Credit Card,subscription,Spotify,,764.1,Expense,INR
13/10/2022 11:03:27,Saving Bank account 1,subscription,Netflix,Annual plan,217.0,Expense,INR
26/11/2020 03:18:25,Credit Card,Transportation,Train,Place A to B,913.13,Expense,INR
20/03/2022 02:50:00,Saving Bank account 1,Transportation,Train,Place A to B,918.15,Expense,INR
21/12/2021 20:14:02,Cash,Income,Bonus,Year-end bonus,43465.72,Income,INR
11/10/2018 08:49:48,Cash,Other,Misc,,190.12,Expense,INR
16/04/2022 10:14:22,Saving Bank account 1,Festivals,Ganesh Pujan,,656.45,Expense,INR
27/05/2022 13:35:10,Cash,Income,Gpay Reward,Cashback,15033.56,Income,INR
01/01/2021 18:26:34,Cash,Food,Milk,Half litre milk,366.43,Expense,INR
01/07/2021 15:36:27,Cash,Income,Gpay Reward,Cashback,47234.0,Income,INR
09/04/2020 09:03:49,Cash,Transportation,Auto,Office to Home,719.68,Expense,INR
29/10/2021 06:30:29,Credit Card,Apparel,Laundry,5 clothes washed,832.8,Expense,INR
08/09/2021 13:36:59,Cash,Festivals,Diwali,,273.59,Expense,INR
26/09/2021 17:17:22,Cash,Food,Grocery,Monthly stock,175.78,Expense,INR
18/02/2022 02:58:25,Saving Bank account 1,Transportation,Train,To Office,673.53,Expense,INR
10/05/2020 20:54:16,Credit Card,Other,Misc,,667.85,Expense,INR
22/10/2020 20:26:19,Saving Bank account 1,Festivals,Holi,,992.8,Expense,INR
13/04/2022 17:10:20,Credit Card,Other,Donation,Street Charity,665.45,Expense,INR
02/12/2020 03:17:00,Credit Card,Transportation,Auto,Office to Home,778.08,Expense,INR
06/11/2019 10:30:04,Cash,subscription,Netflix,Monthly plan,714.48,Expense,INR
27/09/2021 09:20:19,Saving Bank account 1,Food,Lunch,Restaurant,394.47,Expense,INR
07/02/2020 21:56:57,Credit Card,Investment,Equity Mutual Fund E,,9285.16,Transfer-Out,INR
23/11/2018 03:18:14,Cash,Income,Bonus,Year-end bonus,37004.23,Income,INR
09/06/2020 20:56:52,Saving Bank account 1,Income,Bonus,Year-end bonus,9277.67,Income,INR
23/07/2021 14:25:15,Credit Card,subscription,Mobile Service Provider,,542.24,Expense,INR
23/01/2022 22:39:16,Credit Card,Apparel,Laundry,Blanket cleaned,362.32,Expense,INR
06/01/2020 17:59:43,Saving Bank account 1,subscription,Netflix,Monthly plan,553.57,Expense,INR
08/08/2022 17:17:05,Cash,Transportation,Train,Place A to B,540.58,Expense,INR
31/08/2022 01:06:57,Credit Card,Transportation,Bus,To Tuition,216.93,Expense,INR
22/08/2019 04:03:49,Saving Bank account 1,subscription,Amazon Prime,,670.78,Expense,INR
31/05/2020 08:47:47,Credit Card,Apparel,Laundry,5 clothes washed,407.1,Expense,INR
10/03/2022 13:44:11,Cash,Transportation,Auto,Home to Station,905.74,Expense,INR
27/03/2019 21:01:16,Credit Card,Food,Grocery,Fruits & Veggies,806.06,Expense,INR
15/04/2020 02:26:48,Credit Card,Food,snacks,Sandwich,643.82,Expense,INR
21/05/2020 05:19:36,Credit Card,Investment,Equity Mutual Fund E,,733.09,Transfer-Out,INR
28/05/2019 02:46:22,Cash,Income,Freelance,Client payment,37398.77,Income,INR
02/06/2019 07:45:52,Cash,Income,Gpay Reward,Cashback,44094.56,Income,INR
29/12/2018 10:24:07,Cash,Other,Gift,Birthday Gift,518.28,Expense,INR
28/03/2019 03:17:38,Credit Card,Investment,Small Cap fund 2,,6303.18,Transfer-Out,INR
08/11/2020 21:23:53,Credit Card,Apparel,Laundry,5 clothes washed,289.91,Expense,INR
20/11/2019 00:09:10,Cash,subscription,Spotify,,514.95,Expense,INR
15/02/2019 18:21:11,Credit Card,Income,Gpay Reward,Cashback,43250.35,Income,INR
16/06/2022 09:30:10,Cash,Food,Lunch,Home Delivery,767.54,Expense,INR
30/06/2020 10:04:15,Saving Bank account 1,Income,Bonus,Year-end bonus,6474.08,Income,INR
12/01/2020 12:16:15,Cash,Income,Bonus,Year-end bonus,11121.53,Income,INR
09/03/2022 13:24:40,Cash,Investment,Small Cap fund 2,,5562.52,Transfer-Out,INR
16/09/2020 12:19:43,Saving Bank account 1,Other,Gift,Birthday Gift,448.65,Expense,INR
23/11/2019 17:58:00,Cash,Income,Bonus,Year-end bonus,46406.36,Income,INR
22/04/2019 08:09:36,Saving Bank account 1,Festivals,Ganesh Pujan,,623.33,Expense,INR
09/12/2021 22:41:43,Credit Card,Festivals,Holi,,98.92,Expense,INR
29/01/2021 09:10:20,Credit Card,subscription,Mobile Service Provider,,23.17,Expense,INR
05/11/2018 00:55:55,Credit Card,Investment,Equity Mutual Fund E,,2382.67,Transfer-Out,INR
25/11/2020 05:13:25,Cash,Income,Gpay Reward,Cashback,12222.33,Income,INR
04/09/2018 03:28:59,Cash,subscription,Mobile Service Provider,,759.29,Expense,INR
16/10/2022 11:47:22,Saving Bank account 1,subscription,Netflix,Monthly plan,336.72,Expense,INR
05/10/2018 15:05:48,Cash,Investment,Small Cap fund 2,,3215.9,Transfer-Out,INR
09/08/2019 20:10:13,Saving Bank account 1,Apparel,Laundry,5 clothes washed,372.7,Expense,INR
20/10/2020 22:33:32,Saving Bank account 1,Transportation,Train,To Office,251.81,Expense,INR
02/04/2022 09:29:48,Saving Bank account 1,subscription,Amazon Prime,,334.04,Expense,INR
05/03/2019 22:29:33,Cash,Apparel,Laundry,5 clothes washed,367.81,Expense,INR
02/06/2022 00:44:58,Credit Card,Transportation,Auto,Office to Home,437.91,Expense,INR
21/07/2021 16:46:36,Cash,Transportation,Auto,Office to Home,286.28,Expense,INR
13/04/2021 10:29:36,Cash,subscription,Spotify,,524.49,Expense,INR
06/11/2021 07:15:31,Saving Bank account 1,Investment,Small Cap fund 2,,4061.32,Transfer-Out,INR
04/02/2020 23:25:37,Credit Card,Food,Milk,1L Amul milk,967.94,Expense,INR
01/02/2021 15:01:00,Saving Bank account 1,Apparel,Laundry,5 clothes washed,802.28,Expense,INR
08/09/2019 15:38:46,Credit Card,Other,Donation,Street Charity,337.26,Expense,INR
25/11/2021 06:09:18,Saving Bank account 1,Apparel,Laundry,5 clothes washed,842.61,Expense,INR
25/08/2021 22:56:33,Saving Bank account 1,Food,Lunch,Home Delivery,698.06,Expense,INR
15/10/2019 21:50:54,Cash,Apparel,Laundry,5 clothes washed,666.95,Expense,INR
01/03/2021 02:50:47,Credit Card,Transportation,Bus,Commute to Market,859.94,Expense,INR
12/06/2020 12:26:33,Cash,Food,snacks,Vadapav & Tea,881.12,Expense,INR
27/05/2019 12:02:56,Credit Card,Transportation,Train,Place A to B,117.74,Expense,INR
01/01/2020 00:39:44,Saving Bank account 1,Income,Bonus,Year-end bonus,17439.45,Income,INR
27/07/2022 18:40:34,Saving Bank account 1,Investment,Small Cap fund 2,,5749.96,Transfer-Out,INR
11/02/2022 20:12:39,Cash,Food,snacks,Chips & Cola,905.99,Expense,INR
25/06/2020 07:30:45,Saving Bank account 1,Food,Lunch,Home Delivery,222.54,Expense,INR
30/11/2019 00:19:09,Credit Card,Food,Milk,Half litre milk,241.58,Expense,INR
31/10/2020 15:24:36,Cash,Food,Lunch,Restaurant,903.74,Expense,INR
19/05/2021 01:15:02,Cash,Food,snacks,Chips & Cola,854.27,Expense,INR
15/06/2021 21:23:18,Saving Bank account 1,Apparel,Laundry,Blanket cleaned,114.85,Expense,INR
06/08/2022 09:41:19,Saving Bank account 1,Apparel,Laundry,5 clothes washed,589.31,Expense,INR
25/11/2018 20:12:52,Saving Bank account 1,Festivals,Ganesh Pujan,,969.76,Expense,INR
16/07/2022 22:48:10,Credit Card,Other,Donation,Street Charity,171.98,Expense,INR
06/08/2020 09:57:15,Credit Card,Investment,Small Cap fund 2,,4288.63,Transfer-Out,INR
06/09/2020 14:09:01,Saving Bank account 1,Food,Grocery,Monthly stock,610.07,Expense,INR
03/11/2020 00:22:39,Saving Bank account 1,subscription,Amazon Prime,,140.37,Expense,INR
02/08/2019 09:07:20,Cash,Apparel,Laundry,Blanket cleaned,143.36,Expense,INR
22/01/2022 21:03:00,Credit Card,Transportation,Bus,To Tuition,851.69,Expense,INR
18/03/2020 09:01:36,Credit Card,Food,Lunch,Restaurant,969.19,Expense,INR
27/02/2021 08:14:19,Credit Card,Festivals,Ganesh Pujan,,160.86,Expense,INR
13/08/2021 16:32:59,Saving Bank account 1,Investment,Equity Mutual Fund E,,6806.56,Transfer-Out,INR
03/12/2020 03:30:44,Cash,Transportation,Auto,Office to Home,206.51,Expense,INR
26/09/2019 00:05:44,Saving Bank account 1,Investment,Equity Mutual Fund E,,9909.21,Transfer-Out,INR
08/06/2019 01:25:33,Saving Bank account 1,subscription,Netflix,Monthly plan,762.98,Expense,INR
09/03/2020 10:07:11,Credit Card,Income,Bonus,Year-end bonus,42804.89,Income,INR
16/08/2022 18:43:45,Credit Card,Transportation,Bus,Commute to Market,709.29,Expense,INR
16/05/2020 00:32:18,Credit Card,Food,Grocery,Monthly stock,769.5,Expense,INR
31/10/2020 00:34:38,Cash,Apparel,Laundry,Blanket cleaned,746.67,Expense,INR
29/07/2020 11:03:08,Credit Card,Investment,Equity Mutual Fund E,,2339.14,Transfer-Out,INR
23/06/2020 03:01:24,Cash,Festivals,Holi,,553.15,Expense,INR
13/08/2022 20:18:51,Credit Card,Festivals,Holi,,293.36,Expense,INR
27/02/2021 17:18:34,Saving Bank account 1,Festivals,Diwali,,722.17,Expense,INR
05/06/2021 05:43:55,Saving Bank account 1,Apparel,Laundry,Blanket cleaned,82.7,Expense,INR
25/09/2020 21:10:18,Saving Bank account 1,Other,Donation,To Temple,176.04,Expense,INR
20/08/2022 15:53:14,Credit Card,Festivals,Diwali,,52.93,Expense,INR
29/07/2021 05:28:41,Credit Card,Income,Gpay Reward,Cashback,48291.56,Income,INR
22/11/2020 18:43:21,Credit Card,Apparel,Laundry,Blanket cleaned,622.47,Expense,INR
02/01/2022 05:12:11,Cash,Apparel,Laundry,5 clothes washed,782.98,Expense,INR
30/11/2021 06:39:33,Saving Bank account 1,Transportation,Auto,Home to Station,567.32,Expense,INR
11/09/2022 20:30:26,Credit Card,Investment,Equity Mutual Fund E,,2835.47,Transfer-Out,INR
24/06/2019 15:15:34,Credit Card,Transportation,Bus,Commute to Market,908.22,Expense,INR
23/09/2020 18:38:47,Saving Bank account 1,Income,Gpay Reward,Cashback,7561.74,Income,INR
05/11/2019 13:42:22,Saving Bank account 1,Transportation,Auto,Office to Home,655.98,Expense,INR
05/09/2022 13:50:14,Cash,subscription,Mobile Service Provider,,696.38,Expense,INR
26/11/2019 22:47:31,Credit Card,Festivals,Ganesh Pujan,,266.15,Expense,INR
04/03/2020 23:27:43,Saving Bank account 1,Transportation,Train,Place A to B,926.45,Expense,INR
16/02/2020 14:39:27,Cash,Transportation,Bus,To Tuition,856.35,Expense,INR
16/08/2022 13:01:53,Cash,Food,Grocery,Fruits & Veggies,61.17,Expense,INR
08/04/2021 22:12:16,Cash,Income,Salary,Monthly salary,35456.62,Income,INR
11/07/2022 13:21:55,Saving Bank account 1,Apparel,Laundry,Blanket cleaned,717.57,Expense,INR
26/05/2021 19:11:55,Cash,Investment,Small Cap fund 2,,1062.11,Transfer-Out,INR
12/05/2021 10:42:53,Credit Card,Investment,Equity Mutual Fund E,,923.14,Transfer-Out,INR
10/07/2019 23:59:41,Cash,Other,Donation,Street Charity,832.15,Expense,INR
16/08/2022 09:32:29,Cash,Festivals,Holi,,561.28,Expense,INR
16/09/2020 21:08:08,Cash,Festivals,Diwali,,532.81,Expense,INR
07/09/2022 22:59:11,Cash,Other,Donation,To Temple,104.02,Expense,INR
04/11/2019 21:48:46,Credit Card,Food,Milk,Half litre milk,439.34,Expense,INR
18/04/2022 13:27:10,Credit Card,subscription,Mobile Service Provider,,399.09,Expense,INR
17/03/2022 03:29:56,Cash,Other,Misc,,465.44,Expense,INR
21/05/2020 08:46:24,Cash,Transportation,Train,Place A to B,121.86,Expense,INR
08/12/2018 06:17:47,Saving Bank account 1,Transportation,Auto,Office to Home,111.06,Expense,INR
04/01/2019 11:11:06,Cash,Other,Donation,Street Charity,287.21,Expense,INR
24/09/2020 09:07:49,Cash,Other,Misc,,665.72,Expense,INR
14/02/2020 15:00:05,Credit Card,Income,Salary,Monthly salary,11596.0,Income,INR
19/04/2020 10:53:18,Cash,Income,Freelance,Client payment,24435.67,Income,INR
21/03/2021 12:11:24,Saving Bank account 1,Income,Freelance,Upwork payout,17670.6,Income,INR
23/07/2020 10:13:02,Saving Bank account 1,subscription,Netflix,Annual plan,215.41,Expense,INR
16/06/2020 15:38:39,Cash,subscription,Amazon Prime,,56.52,Expense,INR
04/03/2020 14:15:00,Cash,Festivals,Ganesh Pujan,,875.11,Expense,INR
09/12/2020 23:28:24,Cash,Other,Gift,Festival Gift,133.59,Expense,INR
29/04/2021 08:08:37,Credit Card,Transportation,Train,Place A to B,386.02,Expense,INR
30/07/2019 10:59:58,Credit Card,Festivals,Holi,,745.64,Expense,INR
01/04/2021 20:09:01,Cash,Other,Donation,Street Charity,353.59,Expense,INR
21/06/2019 21:25:08,Cash,Transportation,Train,To Office,567.89,Expense,INR
24/02/2020 05:51:46,Cash,Income,Freelance,Client payment,33118.55,Income,INR
09/10/2018 10:03:15,Credit Card,subscription,Netflix,Monthly plan,949.41,Expense,INR
11/09/2021 21:42:55,Cash,subscription,Mobile Service Provider,,726.3,Expense,INR
20/02/2019 03:38:23,Saving Bank account 1,Investment,Small Cap fund 2,,6238.97,Transfer-Out,INR
16/11/2018 09:31:51,Saving Bank account 1,Income,Gpay Reward,Cashback,46220.27,Income,INR
08/09/2022 23:09:38,Saving Bank account 1,Investment,Equity Mutual Fund E,,2500.84,Transfer-Out,INR
26/05/2021 22:50:27,Cash,Income,Freelance,Client payment,41896.79,Income,INR
14/03/2022 20:21:27,Saving Bank account 1,Transportation,Auto,Office to Home,497.09,Expense,INR
18/06/2020 02:30:24,Cash,Other,Gift,Festival Gift,275.52,Expense,INR
26/09/2019 09:49:03,Saving Bank account 1,Other,Donation,Street Charity,201.64,Expense,INR
02/11/2020 14:30:09,Credit Card,Transportation,Bus,To Tuition,670.93,Expense,INR
01/07/2022 01:21:13,Saving Bank account 1,Other,Donation,To Temple,526.52,Expense,INR
20/02/2020 13:57:58,Cash,subscription,Mobile Service Provider,,45.19,Expense,INR
25/01/2020 14:18:09,Credit Card,Food,Lunch,Home Delivery,139.2,Expense,INR
11/11/2019 17:13:43,Cash,Other,Donation,Street Charity,860.39,Expense,INR
22/12/2018 22:17:46,Cash,subscription,Netflix,Annual plan,652.88,Expense,INR
06/02/2022 09:34:30,Cash,Investment,Small Cap fund 2,,4423.76,Transfer-Out,INR
23/04/2021 03:20:44,Credit Card,Transportation,Train,To Office,284.06,Expense,INR
08/10/2018 07:13:37,Cash,Other,Donation,Street Charity,291.53,Expense,INR
02/10/2018 09:39:46,Cash,Festivals,Diwali,,419.4,Expense,INR
31/10/2018 03:07:50,Saving Bank account 1,subscription,Amazon Prime,,24.59,Expense,INR
08/07/2020 20:07:19,Credit Card,Food,Grocery,Fruits & Veggies,788.98,Expense,INR
30/11/2022 02:20:11,Saving Bank account 1,Other,Misc,,105.58,Expense,INR
10/02/2022 16:12:50,Saving Bank account 1,Festivals,Holi,,649.47,Expense,INR
22/09/2022 15:55:49,Credit Card,Festivals,Diwali,,472.36,Expense,INR
07/01/2021 10:54:10,Cash,Apparel,Laundry,Blanket cleaned,704.7,Expense,INR
04/04/2022 17:12:57,Credit Card,Transportation,Auto,Home to Station,79.5,Expense,INR
03/12/2022 00:26:58,Credit Card,Investment,Equity Mutual Fund E,,3557.19,Transfer-Out,INR
22/04/2021 08:52:47,Credit Card,Income,Bonus,Year-end bonus,23921.46,Income,INR
25/06/2021 19:25:37,Cash,Festivals,Holi,,829.86,Expense,INR
06/08/2020 08:24:21,Cash,Apparel,Laundry,5 clothes washed,675.35,Expense,INR
16/07/2022 09:54:58,Credit Card,subscription,Spotify,,501.18,Expense,INR
23/08/2019 01:25:18,Credit Card,subscription,Netflix,Monthly plan,941.46,Expense,INR
18/09/2018 18:04:26,Saving Bank account 1,Festivals,Diwali,,293.99,Expense,INR
08/10/2021 08:43:09,Cash,Income,Salary,Monthly salary,33816.31,Income,INR
14/11/2021 23:39:41,Credit Card,Income,Salary,Monthly salary,27528.71,Income,INR
09/10/2019 16:26:09,Cash,Transportation,Bus,Commute to Market,293.11,Expense,INR
03/04/2019 14:44:45,Credit Card,Apparel,Laundry,Blanket cleaned,342.85,Expense,INR
17/08/2022 09:33:32,Cash,Festivals,Diwali,,666.97,Expense,INR
14/10/2019 13:52:02,Saving Bank account 1,Other,Gift,Festival Gift,614.69,Expense,INR
19/01/2019 00:46:44,Saving Bank account 1,Transportation,Train,To Office,201.32,Expense,INR
15/05/2020 22:50:49,Cash,Festivals,Diwali,,171.67,Expense,INR
21/04/2021 06:33:41,Cash,Income,Gpay Reward,Cashback,30719.2,Income,INR
27/07/2021 12:32:48,Saving Bank account 1,Apparel,Laundry,Blanket cleaned,251.73,Expense,INR
11/04/2020 19:05:48,Cash,subscription,Spotify,,213.13,Expense,INR
27/04/2022 07:50:48,Saving Bank account 1,Transportation,Auto,Home to Station,28.84,Expense,INR
15/08/2021 03:39:24,Credit Card,Other,Donation,To Temple,635.99,Expense,INR
10/10/2020 20:40:09,Cash,Investment,Equity Mutual Fund E,,6352.33,Transfer-Out,INR
04/06/2021 23:56:38,Cash,Food,Grocery,Monthly stock,534.08,Expense,INR
28/01/2021 19:39:04,Cash,Festivals,Holi,,810.93,Expense,INR
17/01/2019 00:08:04,Cash,Apparel,Laundry,Blanket cleaned,605.96,Expense,INR
07/03/2020 11:07:11,Saving Bank account 1,Festivals,Holi,,198.64,Expense,INR
14/08/2019 01:27:21,Saving Bank account 1,Other,Gift,Festival Gift,375.01,Expense,INR
22/04/2021 15:21:58,Cash,Apparel,Laundry,Blanket cleaned,471.93,Expense,INR
03/01/2022 02:31:22,Saving Bank account 1,Transportation,Bus,To Tuition,883.75,Expense,INR
07/06/2019 12:45:06,Cash,Apparel,Laundry,Blanket cleaned,468.55,Expense,INR
29/10/2019 13:26:18,Credit Card,Other,Gift,Festival Gift,408.73,Expense,INR
28/12/2022 00:06:16,Saving Bank account 1,Investment,Equity Mutual Fund E,,5540.17,Transfer-Out,INR
29/07/2020 09:11:26,Cash,Food,snacks,Vadapav & Tea,355.2,Expense,INR
22/09/2022 21:22:55,Credit Card,Food,Lunch,Home Delivery,888.67,Expense,INR
27/09/2021 10:32:37,Credit Card,Transportation,Train,To Office,889.65,Expense,INR
25/04/2021 02:39:56,Cash,Other,Donation,Street Charity,315.23,Expense,INR
02/04/2021 03:42:07,Saving Bank account 1,Investment,Equity Mutual Fund E,,6384.25,Transfer-Out,INR
26/02/2022 19:29:42,Credit Card,Festivals,Diwali,,828.18,Expense,INR
08/03/2019 09:01:56,Credit Card,Transportation,Bus,To Tuition,998.76,Expense,INR
04/01/2022 21:26:35,Cash,subscription,Amazon Prime,,335.88,Expense,INR
06/02/2019 03:33:15,Cash,Food,snacks,Vadapav & Tea,125.03,Expense,INR
01/03/2022 06:25:08,Saving Bank account 1,Income,Freelance,Client payment,14020.2,Income,INR
18/07/2020 21:46:28,Cash,Food,Lunch,Restaurant,587.49,Expense,INR
24/08/2020 01:12:44,Saving Bank account 1,Apparel,Laundry,Blanket cleaned,58.78,Expense,INR
27/05/2021 12:09:22,Cash,Apparel,Laundry,5 clothes washed,599.84,Expense,INR
21/02/2021 01:30:15,Saving Bank account 1,Other,Misc,,792.75,Expense,INR
19/07/2020 00:55:53,Cash,subscription,Amazon Prime,,677.35,Expense,INR
20/09/2018 11:30:03,Cash,Other,Misc,,756.05,Expense,INR
24/09/2021 05:22:20,Credit Card,Transportation,Auto,Home to Station,251.91,Expense,INR
15/01/2020 11:56:36,Credit Card,Transportation,Train,To Office,692.61,Expense,INR
04/04/2022 02:55:58,Credit Card,Apparel,Laundry,5 clothes washed,550.62,Expense,INR
01/04/2020 05:15:27,Cash,Investment,Equity Mutual Fund E,,5077.21,Transfer-Out,INR
08/12/2019 02:32:54,Credit Card,Investment,Equity Mutual Fund E,,2226.45,Transfer-Out,INR
15/10/2018 12:34:38,Saving Bank account 1,Food,snacks,Vadapav & Tea,381.58,Expense,INR
13/01/2020 00:48:54,Saving Bank account 1,subscription,Amazon Prime,,287.59,Expense,INR
14/12/2020 08:54:32,Saving Bank account 1,Other,Donation,To Temple,396.64,Expense,INR
20/01/2020 06:29:15,Saving Bank account 1,Apparel,Laundry,Blanket cleaned,548.73,Expense,INR
12/12/2018 04:20:35,Cash,Transportation,Auto,Home to Station,970.72,Expense,INR
30/07/2019 02:16:00,Saving Bank account 1,subscription,Spotify,,742.2,Expense,INR
13/03/2019 05:59:59,Credit Card,Other,Misc,,35.74,Expense,INR
07/09/2018 09:54:52,Saving Bank account 1,Food,snacks,Burger,622.25,Expense,INR
01/05/2022 11:57:51,Credit Card,Investment,Small Cap fund 2,,1684.72,Transfer-Out,INR
06/01/2022 23:36:47,Saving Bank account 1,Other,Gift,Birthday Gift,124.63,Expense,INR
29/10/2018 18:05:48,Saving Bank account 1,Income,Bonus,Year-end bonus,6060.3,Income,INR
25/05/2020 08:41:50,Credit Card,Festivals,Ganesh Pujan,,560.07,Expense,INR
01/06/2022 23:02:35,Saving Bank account 1,Food,Milk,Half litre milk,415.59,Expense,INR
20/05/2021 14:00:41,Saving Bank account 1,Income,Freelance,Client payment,11987.39,Income,INR
22/01/2019 20:20:23,Saving Bank account 1,Transportation,Bus,To Tuition,230.16,Expense,INR
01/12/2020 14:32:20,Cash,Apparel,Laundry,5 clothes washed,542.44,Expense,INR
19/10/2021 14:37:00,Cash,Other,Gift,Festival Gift,638.9,Expense,INR
05/08/2019 09:29:54,Credit Card,subscription,Amazon Prime,,881.87,Expense,INR
29/02/2020 22:58:52,Cash,Apparel,Laundry,Blanket cleaned,745.76,Expense,INR
18/04/2020 03:41:39,Saving Bank account 1,Food,Lunch,Restaurant,56.63,Expense,INR
11/03/2021 18:29:24,Credit Card,subscription,Spotify,,68.29,Expense,INR
05/12/2020 09:25:28,Saving Bank account 1,Apparel,Laundry,5 clothes washed,659.57,Expense,INR
12/07/2020 00:02:46,Saving Bank account 1,Apparel,Laundry,5 clothes washed,169.02,Expense,INR
01/10/2020 07:48:49,Cash,Other,Gift,Festival Gift,497.84,Expense,INR
04/06/2022 21:45:21,Credit Card,Festivals,Diwali,,915.81,Expense,INR
30/01/2021 04:33:04,Cash,Food,Milk,1L Amul milk,639.33,Expense,INR
15/08/2020 17:30:29,Credit Card,Income,Bonus,Year-end bonus,30840.6,Income,INR
08/09/2019 20:44:56,Credit Card,Income,Gpay Reward,Cashback,10589.04,Income,INR
07/04/2021 03:34:00,Credit Card,subscription,Netflix,Monthly plan,452.12,Expense,INR
23/09/2018 05:35:35,Cash,Income,Freelance,Client payment,46598.96,Income,INR
24/02/2020 01:31:18,Cash,Income,Freelance,Upwork payout,41196.31,Income,INR
11/03/2022 16:58:35,Cash,Income,Bonus,Year-end bonus,20170.67,Income,INR
06/09/2020 07:37:53,Saving Bank account 1,subscription,Spotify,,41.54,Expense,INR
30/07/2022 23:23:07,Cash,Income,Salary,Monthly salary,7837.52,Income,INR
26/05/2019 13:08:37,Cash,Transportation,Train,Place A to B,788.78,Expense,INR
22/05/2019 01:37:43,Saving Bank account 1,subscription,Mobile Service Provider,,200.26,Expense,INR
08/12/2018 09:09:52,Credit Card,subscription,Mobile Service Provider,,500.01,Expense,INR
06/08/2019 11:25:04,Credit Card,Apparel,Laundry,Blanket cleaned,880.44,Expense,INR
29/03/2020 14:21:44,Credit Card,Apparel,Laundry,Blanket cleaned,408.21,Expense,INR
09/01/2021 15:01:31,Saving Bank account 1,Investment,Equity Mutual Fund E,,8259.42,Transfer-Out,INR
14/12/2018 02:27:06,Credit Card,Other,Donation,To Temple,228.39,Expense,INR
19/03/2020 11:02:26,Cash,Other,Misc,,783.03,Expense,INR
10/02/2019 07:15:31,Cash,Festivals,Ganesh Pujan,,456.11,Expense,INR
07/09/2021 15:55:10,Cash,Apparel,Laundry,Blanket cleaned,535.09,Expense,INR
02/10/2020 15:15:59,Cash,Festivals,Diwali,,826.35,Expense,INR
14/12/2021 12:51:38,Cash,Apparel,Laundry,Blanket cleaned,127.58,Expense,INR
13/09/2022 19:00:16,Cash,Food,Milk,Half litre milk,499.23,Expense,INR
24/11/2019 22:53:37,Credit Card,Income,Salary,Monthly salary,27722.25,Income,INR
16/07/2021 14:53:37,Saving Bank account 1,Food,Milk,Half litre milk,733.55,Expense,INR
02/04/2022 13:41:14,Credit Card,Other,Donation,Street Charity,355.54,Expense,INR
01/12/2019 13:27:34,Credit Card,Investment,Small Cap fund 2,,9138.51,Transfer-Out,INR
17/06/2021 21:24:18,Saving Bank account 1,Apparel,Laundry,Blanket cleaned,438.16,Expense,INR
24/07/2019 07:38:52,Saving Bank account 1,Investment,Equity Mutual Fund E,,6661.03,Transfer-Out,INR
24/04/2021 22:27:19,Credit Card,Festivals,Ganesh Pujan,,872.55,Expense,INR
18/10/2022 19:01:11,Saving Bank account 1,Festivals,Ganesh Pujan,,577.38,Expense,INR
10/09/2020 23:40:09,Credit Card,Festivals,Holi,,219.47,Expense,INR
12/09/2021 06:25:01,Cash,Investment,Small Cap fund 2,,5862.6,Transfer-Out,INR
16/12/2021 00:56:31,Credit Card,Apparel,Laundry,5 clothes washed,136.33,Expense,INR
14/07/2022 23:04:36,Credit Card,Other,Donation,To Temple,573.51,Expense,INR
25/11/2022 14:28:16,Cash,subscription,Amazon Prime,,924.28,Expense,INR
22/12/2018 01:39:52,Credit Card,Transportation,Bus,Commute to Market,557.56,Expense,INR
05/07/2020 07:50:42,Saving Bank account 1,Income,Freelance,Client payment,14738.41,Income,INR
06/09/2018 22:28:36,Saving Bank account 1,subscription,Netflix,Annual plan,975.04,Expense,INR
08/05/2022 17:20:51,Credit Card,Transportation,Bus,Commute to Market,188.14,Expense,INR
05/03/2022 12:17:08,Credit Card,Other,Gift,Birthday Gift,439.21,Expense,INR
22/11/2022 17:53:33,Credit Card,Transportation,Auto,Home to Station,185.88,Expense,INR
30/12/2020 01:37:37,Saving Bank account 1,subscription,Amazon Prime,,642.94,Expense,INR
04/08/2022 08:54:40,Cash,Investment,Small Cap fund 2,,3596.53,Transfer-Out,INR
12/10/2021 03:15:28,Cash,Food,Milk,1L Amul milk,943.76,Expense,INR
06/11/2018 10:01:49,Cash,Transportation,Bus,Commute to Market,911.07,Expense,INR
28/09/2022 09:58:38,Saving Bank account 1,Food,snacks,Vadapav & Tea,449.36,Expense,INR
01/05/2021 01:18:26,Credit Card,Food,Lunch,Home Delivery,982.69,Expense,INR
21/10/2018 15:02:52,Saving Bank account 1,subscription,Netflix,Annual plan,525.28,Expense,INR
05/07/2021 08:14:34,Cash,Festivals,Holi,,631.94,Expense,INR
19/01/2022 12:01:10,Cash,Investment,Equity Mutual Fund E,,4670.11,Transfer-Out,INR
25/05/2022 11:21:11,Credit Card,Investment,Small Cap fund 2,,7296.44,Transfer-Out,INR
09/11/2022 02:40:12,Saving Bank account 1,Income,Bonus,Year-end bonus,19525.46,Income,INR
27/09/2021 22:43:08,Credit Card,Income,Salary,Monthly salary,20000.3,Income,INR
18/02/2020 22:00:44,Credit Card,Apparel,Laundry,5 clothes washed,809.39,Expense,INR
18/07/2022 13:41:59,Credit Card,Apparel,Laundry,5 clothes washed,71.42,Expense,INR
01/11/2022 18:11:48,Credit Card,Apparel,Laundry,5 clothes washed,392.59,Expense,INR
15/11/2018 07:51:45,Saving Bank account 1,Investment,Equity Mutual Fund E,,7334.62,Transfer-Out,INR
10/03/2021 19:50:11,Cash,Transportation,Train,Place A to B,862.37,Expense,INR
10/10/2020 02:55:24,Cash,Income,Salary,Monthly salary,5183.64,Income,INR
04/06/2022 05:47:00,Credit Card,Other,Donation,To Temple,870.81,Expense,INR
09/11/2022 15:37:47,Credit Card,Transportation,Bus,To Tuition,202.47,Expense,INR
12/12/2019 14:37:03,Credit Card,Festivals,Holi,,845.89,Expense,INR
27/11/2020 12:31:45,Credit Card,Income,Salary,Monthly salary,15992.95,Income,INR
13/06/2021 04:10:28,Cash,Apparel,Laundry,Blanket cleaned,837.75,Expense,INR
28/05/2021 21:40:17,Saving Bank account 1,Other,Donation,To Temple,265.44,Expense,INR
12/03/2022 02:23:53,Credit Card,subscription,Mobile Service Provider,,955.56,Expense,INR
10/08/2019 13:37:27,Saving Bank account 1,Apparel,Laundry,Blanket cleaned,952.41,Expense,INR
11/05/2021 16:09:53,Cash,Apparel,Laundry,Blanket cleaned,84.13,Expense,INR
14/01/2022 18:36:46,Saving Bank account 1,Other,Misc,,30.24,Expense,INR
11/10/2021 22:36:31,Credit Card,Income,Gpay Reward,Cashback,1911.09,Income,INR
26/01/2021 10:26:46,Saving Bank account 1,Transportation,Auto,Office to Home,965.24,Expense,INR
10/03/2019 14:26:19,Saving Bank account 1,Transportation,Train,Place A to B,633.3,Expense,INR
03/05/2019 16:16:10,Cash,Transportation,Bus,Commute to Market,409.24,Expense,INR
11/10/2021 18:05:39,Credit Card,Food,Grocery,Monthly stock,186.22,Expense,INR
31/07/2019 03:37:28,Cash,Other,Gift,Birthday Gift,811.35,Expense,INR
07/03/2022 10:24:51,Cash,Income,Bonus,Year-end bonus,18086.93,Income,INR
20/03/2020 15:13:58,Cash,Income,Bonus,Year-end bonus,25070.81,Income,INR
14/03/2021 06:50:08,Credit Card,Transportation,Train,To Office,939.35,Expense,INR
01/01/2021 10:37:43,Cash,Investment,Small Cap fund 2,,8500.32,Transfer-Out,INR
08/06/2022 17:20:18,Cash,Transportation,Train,Place A to B,645.04,Expense,INR
15/02/2021 22:44:42,Saving Bank account 1,Transportation,Train,To Office,696.19,Expense,INR
02/12/2018 15:04:22,Cash,Festivals,Diwali,,504.71,Expense,INR
08/10/2019 22:13:12,Credit Card,Transportation,Train,To Office,768.57,Expense,INR
21/01/2019 10:00:14,Cash,Transportation,Bus,Commute to Market,577.41,Expense,INR
02/03/2019 16:57:20,Cash,Income,Bonus,Year-end bonus,38830.75,Income,INR
20/02/2021 14:22:22,Saving Bank account 1,subscription,Spotify,,178.87,Expense,INR
27/02/2020 01:43:49,Saving Bank account 1,Income,Bonus,Year-end bonus,16785.53,Income,INR
28/03/2021 23:09:04,Saving Bank account 1,Transportation,Auto,Office to Home,299.64,Expense,INR
25/07/2019 18:53:56,Credit Card,subscription,Netflix,Monthly plan,438.63,Expense,INR
17/04/2019 07:55:12,Credit Card,subscription,Amazon Prime,,860.88,Expense,INR
18/06/2019 08:06:10,Cash,subscription,Amazon Prime,,310.32,Expense,INR
29/12/2022 08:00:14,Credit Card,Festivals,Holi,,647.72,Expense,INR
11/05/2019 16:07:26,Credit Card,Other,Misc,,936.77,Expense,INR
09/06/2020 11:59:35,Saving Bank account 1,Festivals,Ganesh Pujan,,745.84,Expense,INR
26/10/2019 19:04:02,Saving Bank account 1,Investment,Small Cap fund 2,,668.01,Transfer-Out,INR
08/11/2019 18:27:35,Credit Card,Income,Freelance,Upwork payout,42066.66,Income,INR
19/11/2018 13:01:29,Saving Bank account 1,Food,Lunch,Home Delivery,139.16,Expense,INR
15/06/2021 00:30:52,Cash,Transportation,Bus,Commute to Market,654.23,Expense,INR
14/03/2019 11:53:28,Cash,Festivals,Diwali,,656.33,Expense,INR
12/01/2019 08:34:52,Credit Card,Other,Donation,Street Charity,410.79,Expense,INR
13/12/2022 21:43:48,Saving Bank account 1,subscription,Netflix,Annual plan,538.25,Expense,INR
10/10/2022 14:13:50,Credit Card,Apparel,Laundry,5 clothes washed,566.77,Expense,INR
19/10/2018 20:24:03,Cash,subscription,Amazon Prime,,590.75,Expense,INR
20/12/2019 03:13:39,Saving Bank account 1,Investment,Equity Mutual Fund E,,4063.53,Transfer-Out,INR
23/05/2022 19:39:31,Credit Card,Income,Bonus,Year-end bonus,14292.94,Income,INR
21/02/2019 08:15:15,Saving Bank account 1,Festivals,Diwali,,851.02,Expense,INR
31/03/2019 08:37:51,Credit Card,Festivals,Holi,,959.85,Expense,INR
28/05/2021 23:28:33,Saving Bank account 1,Festivals,Diwali,,197.12,Expense,INR
27/10/2021 09:30:03,Cash,Income,Freelance,Upwork payout,17939.04,Income,INR
14/05/2021 20:38:08,Credit Card,subscription,Spotify,,122.52,Expense,INR
14/08/2020 13:50:57,Saving Bank account 1,Festivals,Holi,,713.78,Expense,INR
31/10/2019 21:42:01,Saving Bank account 1,Other,Gift,Festival Gift,881.79,Expense,INR
18/07/2022 23:43:23,Credit Card,Festivals,Ganesh Pujan,,625.57,Expense,INR
05/10/2019 14:07:39,Cash,Other,Donation,To Temple,87.48,Expense,INR
04/08/2022 02:03:57,Credit Card,Apparel,Laundry,5 clothes washed,996.99,Expense,INR
25/08/2020 01:10:20,Credit Card,Investment,Equity Mutual Fund E,,5655.76,Transfer-Out,INR
02/04/2021 15:15:19,Cash,Food,Grocery,Monthly stock,80.56,Expense,INR
18/04/2019 21:01:19,Credit Card,Income,Gpay Reward,Cashback,20022.98,Income,INR
10/12/2019 23:38:11,Cash,subscription,Netflix,Monthly plan,568.76,Expense,INR
15/12/2021 04:08:48,Cash,Transportation,Auto,Office to Home,593.62,Expense,INR
05/02/2022 11:27:04,Credit Card,subscription,Netflix,Annual plan,570.79,Expense,INR
17/04/2022 01:00:44,Saving Bank account 1,Other,Donation,To Temple,81.38,Expense,INR
30/08/2019 20:10:25,Saving Bank account 1,Apparel,Laundry,Blanket cleaned,539.71,Expense,INR
08/04/2021 15:37:57,Credit Card,Festivals,Ganesh Pujan,,401.33,Expense,INR
17/07/2021 14:15:13,Cash,Other,Misc,,859.99,Expense,INR
27/08/2020 13:18:29,Credit Card,subscription,Spotify,,435.11,Expense,INR
22/07/2019 03:26:35,Saving Bank account 1,Income,Freelance,Upwork payout,1110.85,Income,INR
29/07/2020 14:58:41,Credit Card,Transportation,Train,To Office,655.43,Expense,INR
07/03/2020 11:44:52,Saving Bank account 1,Investment,Small Cap fund 2,,4537.76,Transfer-Out,INR
20/06/2022 19:24:45,Saving Bank account 1,Income,Salary,Monthly salary,18418.32,Income,INR
11/02/2021 09:37:11,Credit Card,subscription,Spotify,,125.78,Expense,INR
08/05/2020 13:20:44,Credit Card,Income,Freelance,Upwork payout,33001.26,Income,INR
13/05/2019 20:24:06,Credit Card,Festivals,Ganesh Pujan,,110.69,Expense,INR
04/12/2019 19:10:44,Saving Bank account 1,Investment,Small Cap fund 2,,9582.06,Transfer-Out,INR
01/11/2019 20:41:58,Saving Bank account 1,subscription,Amazon Prime,,728.88,Expense,INR
11/12/2019 04:29:05,Saving Bank account 1,Investment,Equity Mutual Fund E,,5252.24,Transfer-Out,INR
02/09/2020 08:49:15,Credit Card,Investment,Equity Mutual Fund E,,9476.53,Transfer-Out,INR
05/02/2021 10:39:13,Cash,Food,Milk,Half litre milk,397.2,Expense,INR
06/12/2020 18:48:12,Cash,Food,Milk,1L Amul milk,862.27,Expense,INR
15/02/2019 04:17:44,Saving Bank account 1,subscription,Amazon Prime,,291.42,Expense,INR
07/04/2019 16:10:49,Saving Bank account 1,Transportation,Bus,Commute to Market,359.78,Expense,INR
05/01/2022 12:28:22,Saving Bank account 1,Other,Donation,Street Charity,609.82,Expense,INR
30/07/2022 20:48:00,Credit Card,Food,snacks,Burger,481.83,Expense,INR
08/04/2021 12:05:43,Saving Bank account 1,Investment,Equity Mutual Fund E,,3250.48,Transfer-Out,INR
23/02/2019 17:36:14,Saving Bank account 1,Transportation,Train,Place A to B,686.93,Expense,INR
19/11/2019 00:19:28,Saving Bank account 1,Income,Freelance,Client payment,7847.9,Income,INR
13/09/2020 10:52:18,Saving Bank account 1,Transportation,Auto,Office to Home,165.99,Expense,INR
14/09/2020 07:02:21,Cash,Apparel,Laundry,5 clothes washed,659.42,Expense,INR
03/08/2021 03:21:18,Cash,Apparel,Laundry,5 clothes washed,29.65,Expense,INR
23/06/2021 21:29:56,Saving Bank account 1,Festivals,Diwali,,306.85,Expense,INR
23/07/2020 03:56:14,Saving Bank account 1,Apparel,Laundry,5 clothes washed,376.36,Expense,INR
14/01/2019 20:25:36,Credit Card,subscription,Amazon Prime,,442.2,Expense,INR
06/05/2019 12:53:40,Credit Card,Food,Lunch,Restaurant,824.25,Expense,INR
29/06/2022 13:12:17,Saving Bank account 1,Food,snacks,Vadapav & Tea,67.84,Expense,INR
09/03/2021 02:48:59,Cash,Apparel,Laundry,Blanket cleaned,492.79,Expense,INR
12/01/2019 04:39:31,Cash,Apparel,Laundry,Blanket cleaned,81.92,Expense,INR
04/09/2021 10:05:18,Saving Bank account 1,Festivals,Holi,,173.47,Expense,INR
18/10/2021 08:22:38,Credit Card,Festivals,Ganesh Pujan,,402.66,Expense,INR
20/12/2018 16:06:37,Cash,Apparel,Laundry,Blanket cleaned,45.93,Expense,INR
27/02/2020 01:29:32,Saving Bank account 1,Investment,Equity Mutual Fund E,,9647.58,Transfer-Out,INR
16/01/2022 10:35:00,Saving Bank account 1,Investment,Small Cap fund 2,,6990.36,Transfer-Out,INR
01/04/2021 11:26:32,Saving Bank account 1,Festivals,Holi,,292.68,Expense,INR
02/06/2021 22:40:12,Credit Card,Income,Salary,Monthly salary,25620.29,Income,INR
17/08/2019 10:10:29,Saving Bank account 1,Apparel,Laundry,5 clothes washed,887.73,Expense,INR
22/06/2020 15:41:41,Cash,subscription,Spotify,,399.27,Expense,INR
28/06/2021 07:02:31,Credit Card,subscription,Mobile Service Provider,,99.41,Expense,INR
25/06/2019 06:39:09,Saving Bank account 1,subscription,Netflix,Annual plan,598.63,Expense,INR
11/10/2018 22:28:46,Cash,Investment,Small Cap fund 2,,2923.22,Transfer-Out,INR
21/09/2020 08:42:21,Saving Bank account 1,subscription,Spotify,,943.52,Expense,INR
08/12/2021 00:06:27,Saving Bank account 1,Income,Freelance,Upwork payout,48237.6,Income,INR
18/02/2019 15:20:39,Cash,Investment,Equity Mutual Fund E,,9700.43,Transfer-Out,INR
06/12/2022 15:05:32,Saving Bank account 1,Transportation,Auto,Home to Station,859.75,Expense,INR
28/10/2018 23:58:55,Credit Card,Festivals,Diwali,,361.51,Expense,INR
13/06/2021 23:44:05,Saving Bank account 1,Investment,Small Cap fund 2,,8358.55,Transfer-Out,INR
05/05/2022 05:12:21,Cash,Investment,Equity Mutual Fund E,,2528.68,Transfer-Out,INR
09/08/2021 09:14:21,Saving Bank account 1,Festivals,Diwali,,196.4,Expense,INR
21/04/2022 03:14:41,Credit Card,Festivals,Ganesh Pujan,,412.36,Expense,INR
05/12/2020 21:54:47,Credit Card,subscription,Mobile Service Provider,,333.93,Expense,INR
29/07/2022 06:28:40,Saving Bank account 1,Apparel,Laundry,Blanket cleaned,387.96,Expense,INR
29/11/2018 14:38:31,Credit Card,Apparel,Laundry,Blanket cleaned,111.0,Expense,INR
19/09/2021 01:33:40,Saving Bank account 1,subscription,Amazon Prime,,70.97,Expense,INR
25/10/2020 09:38:36,Cash,Festivals,Diwali,,756.28,Expense,INR
20/03/2022 05:40:40,Cash,Apparel,Laundry,5 clothes washed,171.2,Expense,INR
27/09/2019 01:22:07,Cash,Festivals,Diwali,,706.63,Expense,INR
04/04/2019 03:56:25,Credit Card,Food,Grocery,Monthly stock,501.91,Expense,INR
30/06/2020 21:32:37,Cash,Food,snacks,Burger,596.72,Expense,INR
15/03/2019 18:11:27,Cash,Festivals,Diwali,,901.99,Expense,INR
27/05/2020 13:36:42,Credit Card,Transportation,Bus,To Tuition,432.64,Expense,INR
31/12/2018 21:21:44,Cash,Food,Milk,Half litre milk,481.62,Expense,INR
05/03/2022 01:05:13,Credit Card,Festivals,Ganesh Pujan,,629.41,Expense,INR
20/03/2021 06:43:26,Credit Card,Festivals,Diwali,,784.82,Expense,INR
02/10/2019 13:56:45,Saving Bank account 1,Other,Gift,Festival Gift,949.44,Expense,INR
22/11/2021 01:54:26,Credit Card,Apparel,Laundry,Blanket cleaned,323.83,Expense,INR
02/12/2018 00:37:27,Credit Card,Transportation,Train,Place A to B,339.21,Expense,INR
24/10/2021 20:21:45,Credit Card,Other,Misc,,286.01,Expense,INR
11/01/2022 17:07:09,Saving Bank account 1,Investment,Small Cap fund 2,,1408.57,Transfer-Out,INR
18/05/2020 20:43:25,Cash,Transportation,Train,Place A to B,242.66,Expense,INR
18/08/2021 15:11:09,Cash,Apparel,Laundry,5 clothes washed,726.33,Expense,INR
29/06/2020 06:22:06,Saving Bank account 1,Investment,Small Cap fund 2,,8185.19,Transfer-Out,INR
07/11/2019 20:30:55,Cash,Apparel,Laundry,Blanket cleaned,337.52,Expense,INR
19/08/2022 10:02:40,Credit Card,Transportation,Bus,To Tuition,640.39,Expense,INR
30/12/2018 08:33:39,Saving Bank account 1,Festivals,Diwali,,692.0,Expense,INR
15/10/2018 09:42:59,Saving Bank account 1,Transportation,Auto,Home to Station,273.43,Expense,INR
20/11/2018 01:09:05,Saving Bank account 1,Festivals,Holi,,529.3,Expense,INR
18/01/2020 06:42:03,Credit Card,Apparel,Laundry,5 clothes washed,368.91,Expense,INR
26/05/2022 13:05:55,Saving Bank account 1,Apparel,Laundry,Blanket cleaned,284.74,Expense,INR
12/09/2018 22:11:13,Credit Card,Festivals,Diwali,,479.79,Expense,INR
08/09/2021 13:36:42,Saving Bank account 1,Income,Bonus,Year-end bonus,21136.22,Income,INR
12/12/2020 00:42:12,Cash,subscription,Spotify,,85.32,Expense,INR
19/02/2022 18:41:05,Credit Card,Festivals,Diwali,,646.17,Expense,INR
14/12/2022 10:21:48,Saving Bank account 1,Festivals,Holi,,372.43,Expense,INR
01/10/2022 05:17:44,Credit Card,Festivals,Ganesh Pujan,,631.9,Expense,INR
24/02/2019 15:56:03,Saving Bank account 1,Other,Gift,Birthday Gift,918.82,Expense,INR
14/06/2019 06:11:44,Cash,Income,Salary,Monthly salary,26725.36,Income,INR
28/09/2018 03:53:59,Saving Bank account 1,Apparel,Laundry,5 clothes washed,523.58,Expense,INR
29/06/2020 11:25:50,Saving Bank account 1,Festivals,Holi,,894.74,Expense,INR
11/10/2021 04:38:27,Saving Bank account 1,Other,Donation,To Temple,396.62,Expense,INR
01/10/2018 15:12:23,Cash,Transportation,Auto,Home to Station,417.94,Expense,INR
21/08/2019 10:22:45,Saving Bank account 1,Other,Donation,Street Charity,125.21,Expense,INR
16/08/2020 03:24:54,Credit Card,Income,Bonus,Year-end bonus,35252.67,Income,INR
09/09/2020 00:47:01,Cash,Apparel,Laundry,5 clothes washed,448.11,Expense,INR
29/10/2019 23:54:03,Saving Bank account 1,Income,Freelance,Upwork payout,41402.8,Income,INR
14/01/2021 06:09:18,Credit Card,Transportation,Train,To Office,647.44,Expense,INR
18/07/2020 12:28:15,Cash,Food,snacks,Chips & Cola,936.21,Expense,INR
07/10/2022 17:28:02,Credit Card,Apparel,Laundry,5 clothes washed,932.61,Expense,INR
13/12/2020 15:02:53,Cash,Transportation,Train,To Office,112.03,Expense,INR
25/03/2022 10:47:21,Cash,Other,Donation,To Temple,805.61,Expense,INR
03/03/2022 17:11:50,Saving Bank account 1,subscription,Amazon Prime,,486.92,Expense,INR
10/02/2019 06:48:20,Credit Card,Income,Gpay Reward,Cashback,20203.01,Income,INR
01/02/2022 14:59:05,Saving Bank account 1,Investment,Small Cap fund 2,,9911.93,Transfer-Out,INR
20/08/2021 06:27:55,Cash,Apparel,Laundry,Blanket cleaned,692.08,Expense,INR
22/12/2022 16:58:23,Saving Bank account 1,Other,Gift,Birthday Gift,522.1,Expense,INR
02/02/2022 03:23:17,Credit Card,Income,Freelance,Upwork payout,25292.01,Income,INR
12/10/2020 23:08:23,Cash,Other,Gift,Festival Gift,337.97,Expense,INR
17/11/2020 19:40:12,Cash,Apparel,Laundry,Blanket cleaned,214.88,Expense,INR
04/12/2021 17:49:34,Credit Card,Transportation,Bus,To Tuition,444.67,Expense,INR
13/08/2021 20:02:19,Saving Bank account 1,Transportation,Bus,To Tuition,84.01,Expense,INR
15/11/2020 15:24:19,Saving Bank account 1,subscription,Spotify,,774.69,Expense,INR
18/02/2021 00:13:01,Saving Bank account 1,Investment,Small Cap fund 2,,6005.93,Transfer-Out,INR
03/03/2021 13:35:46,Credit Card,Transportation,Auto,Home to Station,391.29,Expense,INR
08/04/2021 14:58:10,Saving Bank account 1,Income,Bonus,Year-end bonus,3061.68,Income,INR
25/08/2020 14:01:20,Saving Bank account 1,Food,Grocery,Fruits & Veggies,561.52,Expense,INR
21/03/2020 13:33:41,Credit Card,Investment,Equity Mutual Fund E,,8225.68,Transfer-Out,INR
12/06/2020 17:32:54,Saving Bank account 1,Apparel,Laundry,Blanket cleaned,377.86,Expense,INR
01/01/2019 15:03:38,Credit Card,Income,Freelance,Client payment,44561.38,Income,INR
12/05/2021 03:58:07,Credit Card,subscription,Mobile Service Provider,,309.93,Expense,INR
15/10/2022 19:50:24,Saving Bank account 1,Apparel,Laundry,5 clothes washed,896.92,Expense,INR
28/06/2021 19:00:13,Credit Card,Income,Salary,Monthly salary,32228.67,Income,INR
02/08/2022 17:35:18,Credit Card,subscription,Spotify,,227.36,Expense,INR
25/09/2020 00:33:58,Credit Card,subscription,Spotify,,734.29,Expense,INR
05/06/2020 23:30:37,Credit Card,Apparel,Laundry,5 clothes washed,780.92,Expense,INR
15/01/2019 14:14:56,Credit Card,Apparel,Laundry,5 clothes washed,19.01,Expense,INR
23/05/2019 06:07:27,Cash,subscription,Amazon Prime,,921.37,Expense,INR
19/05/2020 22:40:52,Cash,Festivals,Diwali,,625.43,Expense,INR
04/03/2019 05:11:32,Cash,Apparel,Laundry,Blanket cleaned,344.49,Expense,INR
01/05/2021 18:49:11,Credit Card,subscription,Amazon Prime,,346.82,Expense,INR
16/01/2021 22:02:36,Credit Card,subscription,Spotify,,552.92,Expense,INR
17/01/2022 21:35:21,Saving Bank account 1,Festivals,Ganesh Pujan,,911.57,Expense,INR
14/09/2018 01:24:24,Cash,subscription,Mobile Service Provider,,497.01,Expense,INR
16/10/2019 21:28:22,Saving Bank account 1,Apparel,Laundry,Blanket cleaned,61.71,Expense,INR
06/02/2021 01:39:22,Cash,Transportation,Bus,Commute to Market,829.16,Expense,INR
20/07/2021 16:21:30,Saving Bank account 1,Apparel,Laundry,Blanket cleaned,601.21,Expense,INR
06/11/2020 17:58:53,Cash,Apparel,Laundry,Blanket cleaned,365.86,Expense,INR
24/04/2019 20:07:16,Cash,Apparel,Laundry,Blanket cleaned,347.83,Expense,INR
08/09/2020 23:18:16,Credit Card,Apparel,Laundry,Blanket cleaned,568.45,Expense,INR
30/06/2021 00:45:31,Cash,Food,Milk,1L Amul milk,629.87,Expense,INR
03/04/2021 00:54:05,Cash,Transportation,Train,To Office,642.14,Expense,INR
08/05/2020 10:47:54,Cash,Apparel,Laundry,Blanket cleaned,25.23,Expense,INR
19/05/2019 07:45:52,Saving Bank account 1,Apparel,Laundry,Blanket cleaned,207.55,Expense,INR
30/08/2021 13:06:47,Cash,Festivals,Holi,,487.91,Expense,INR
16/10/2021 18:14:47,Credit Card,subscription,Mobile Service Provider,,412.32,Expense,INR
29/05/2022 09:09:17,Cash,Festivals,Diwali,,845.93,Expense,INR
19/09/2022 14:45:52,Credit Card,Festivals,Ganesh Pujan,,781.17,Expense,INR
02/12/2022 10:52:01,Credit Card,Investment,Small Cap fund 2,,3318.16,Transfer-Out,INR
25/05/2021 11:06:39,Cash,Income,Freelance,Upwork payout,39312.1,Income,INR
17/03/2022 23:40:44,Cash,Income,Bonus,Year-end bonus,27123.36,Income,INR
30/09/2021 22:19:21,Cash,Other,Gift,Birthday Gift,903.84,Expense,INR
15/01/2019 10:20:15,Credit Card,Apparel,Laundry,5 clothes washed,257.57,Expense,INR
20/06/2020 18:38:03,Cash,subscription,Netflix,Annual plan,578.48,Expense,INR
28/12/2022 22:29:37,Cash,Apparel,Laundry,Blanket cleaned,483.59,Expense,INR
18/03/2022 07:35:14,Credit Card,subscription,Spotify,,835.73,Expense,INR
06/10/2019 11:37:09,Credit Card,Food,Grocery,Monthly stock,383.53,Expense,INR
24/04/2022 23:35:22,Cash,Transportation,Bus,Commute to Market,971.82,Expense,INR
27/08/2021 03:47:10,Cash,Investment,Small Cap fund 2,,4535.46,Transfer-Out,INR
19/09/2022 11:37:29,Credit Card,Festivals,Diwali,,814.92,Expense,INR
28/01/2022 12:09:06,Cash,Apparel,Laundry,5 clothes washed,402.72,Expense,INR
20/09/2018 13:41:13,Saving Bank account 1,Apparel,Laundry,5 clothes washed,397.98,Expense,INR
30/08/2021 09:33:40,Credit Card,Festivals,Diwali,,307.88,Expense,INR
24/08/2022 16:48:35,Credit Card,Food,snacks,Burger,141.87,Expense,INR
12/03/2022 02:48:41,Credit Card,Investment,Equity Mutual Fund E,,6609.49,Transfer-Out,INR
14/06/2019 18:18:52,Cash,Festivals,Holi,,474.65,Expense,INR
06/08/2021 23:20:56,Saving Bank account 1,Food,Milk,Half litre milk,307.08,Expense,INR
19/07/2019 05:14:22,Saving Bank account 1,subscription,Netflix,Annual plan,141.28,Expense,INR
26/07/2021 21:39:51,Credit Card,subscription,Mobile Service Provider,,953.1,Expense,INR
24/03/2020 14:04:28,Cash,Investment,Small Cap fund 2,,2514.91,Transfer-Out,INR
16/10/2018 07:00:23,Credit Card,subscription,Amazon Prime,,867.98,Expense,INR
03/04/2020 07:44:36,Saving Bank account 1,subscription,Mobile Service Provider,,175.62,Expense,INR
19/09/2019 23:13:10,Saving Bank account 1,Food,snacks,Chips & Cola,94.41,Expense,INR
02/07/2020 12:51:43,Credit Card,Food,Milk,1L Amul milk,91.42,Expense,INR
30/11/2019 19:47:34,Saving Bank account 1,Festivals,Diwali,,418.91,Expense,INR
07/09/2020 04:54:51,Cash,Investment,Small Cap fund 2,,3485.33,Transfer-Out,INR
06/12/2021 21:56:57,Cash,subscription,Spotify,,857.37,Expense,INR
10/03/2020 15:24:05,Credit Card,Transportation,Auto,Home to Station,828.53,Expense,INR
03/09/2018 18:23:57,Saving Bank account 1,Investment,Equity Mutual Fund E,,6611.73,Transfer-Out,INR
22/08/2020 18:32:36,Credit Card,Other,Gift,Festival Gift,584.53,Expense,INR
02/05/2022 05:52:59,Credit Card,Other,Gift,Festival Gift,22.16,Expense,INR
13/12/2020 09:53:33,Credit Card,Apparel,Laundry,Blanket cleaned,307.77,Expense,INR
09/02/2019 19:41:20,Cash,subscription,Amazon Prime,,261.34,Expense,INR
01/02/2021 17:24:38,Saving Bank account 1,Other,Donation,Street Charity,832.07,Expense,INR
24/02/2021 00:55:25,Credit Card,Investment,Small Cap fund 2,,567.81,Transfer-Out,INR
13/10/2020 15:06:58,Cash,Apparel,Laundry,Blanket cleaned,265.79,Expense,INR
27/01/2020 14:00:28,Credit Card,Transportation,Train,To Office,210.97,Expense,INR
29/10/2018 16:08:26,Saving Bank account 1,Apparel,Laundry,Blanket cleaned,136.08,Expense,INR
11/12/2019 02:45:51,Cash,Other,Donation,To Temple,830.08,Expense,INR
20/09/2021 16:04:52,Saving Bank account 1,Investment,Small Cap fund 2,,5697.04,Transfer-Out,INR
29/08/2020 14:21:09,Credit Card,Other,Donation,Street Charity,251.61,Expense,INR
13/01/2022 08:03:22,Saving Bank account 1,Apparel,Laundry,5 clothes washed,314.16,Expense,INR
26/03/2020 01:44:25,Credit Card,Festivals,Holi,,969.11,Expense,INR
23/03/2021 23:28:25,Credit Card,Investment,Equity Mutual Fund E,,8699.62,Transfer-Out,INR
17/09/2018 01:47:26,Credit Card,Transportation,Auto,Office to Home,714.3,Expense,INR
28/10/2021 05:03:57,Credit Card,Other,Gift,Birthday Gift,960.42,Expense,INR
02/11/2019 15:44:52,Saving Bank account 1,Investment,Equity Mutual Fund E,,9313.58,Transfer-Out,INR
21/10/2021 05:01:27,Credit Card,Transportation,Bus,To Tuition,151.29,Expense,INR
14/04/2019 21:16:18,Cash,Investment,Small Cap fund 2,,8735.07,Transfer-Out,INR
11/08/2022 08:15:11,Credit Card,Transportation,Train,Place A to B,641.87,Expense,INR
07/08/2019 20:53:41,Cash,Food,Milk,1L Amul milk,567.74,Expense,INR
17/02/2021 21:48:59,Credit Card,Income,Gpay Reward,Cashback,43030.57,Income,INR
30/07/2022 08:08:35,Saving Bank account 1,Other,Misc,,700.48,Expense,INR
01/02/2021 15:49:30,Saving Bank account 1,subscription,Spotify,,745.21,Expense,INR
04/09/2021 18:47:45,Saving Bank account 1,subscription,Amazon Prime,,502.32,Expense,INR
13/03/2019 22:41:55,Saving Bank account 1,Food,Milk,Half litre milk,971.42,Expense,INR
16/09/2018 13:15:17,Saving Bank account 1,Food,Milk,Half litre milk,109.48,Expense,INR
22/04/2020 16:09:08,Credit Card,Festivals,Holi,,419.82,Expense,INR
17/09/2021 08:09:04,Cash,subscription,Mobile Service Provider,,977.65,Expense,INR
01/08/2022 17:08:02,Cash,Income,Freelance,Upwork payout,28771.71,Income,INR
20/06/2021 01:04:45,Credit Card,Apparel,Laundry,Blanket cleaned,747.57,Expense,INR
12/03/2019 17:16:12,Cash,Other,Misc,,381.58,Expense,INR
07/03/2019 04:01:43,Saving Bank account 1,Festivals,Holi,,559.96,Expense,INR
19/06/2019 15:26:20,Credit Card,Transportation,Auto,Office to Home,581.62,Expense,INR
27/10/2018 23:06:31,Saving Bank account 1,Festivals,Holi,,987.83,Expense,INR
23/08/2022 05:47:59,Saving Bank account 1,Food,Milk,Half litre milk,336.98,Expense,INR
09/09/2021 08:47:04,Credit Card,Income,Freelance,Client payment,37444.64,Income,INR
09/01/2020 23:00:46,Saving Bank account 1,Transportation,Auto,Office to Home,803.7,Expense,INR
15/04/2019 14:46:40,Cash,Investment,Equity Mutual Fund E,,7102.25,Transfer-Out,INR
07/05/2021 04:19:30,Saving Bank account 1,Food,snacks,Sandwich,916.64,Expense,INR
02/05/2019 01:00:28,Saving Bank account 1,Festivals,Ganesh Pujan,,35.39,Expense,INR
10/09/2019 04:28:03,Saving Bank account 1,Transportation,Bus,To Tuition,239.68,Expense,INR
26/01/2021 10:22:00,Saving Bank account 1,Food,snacks,Chips & Cola,128.17,Expense,INR
10/06/2019 13:23:57,Credit Card,Festivals,Holi,,625.09,Expense,INR
13/06/2019 02:47:03,Credit Card,Transportation,Train,Place A to B,32.02,Expense,INR
03/04/2022 04:11:49,Cash,subscription,Amazon Prime,,342.16,Expense,INR
21/06/2019 07:26:31,Saving Bank account 1,Investment,Equity Mutual Fund E,,6275.16,Transfer-Out,INR
17/04/2021 06:41:21,Cash,Other,Misc,,473.89,Expense,INR
20/04/2021 04:58:10,Credit Card,subscription,Spotify,,986.01,Expense,INR
11/04/2021 04:46:15,Cash,Income,Salary,Monthly salary,20928.06,Income,INR
05/07/2020 19:25:48,Saving Bank account 1,Apparel,Laundry,5 clothes washed,977.07,Expense,INR
26/12/2019 20:53:08,Cash,Other,Donation,To Temple,314.4,Expense,INR
09/10/2020 05:04:58,Credit Card,Investment,Equity Mutual Fund E,,5703.94,Transfer-Out,INR
08/01/2019 04:02:11,Credit Card,Transportation,Bus,Commute to Market,484.18,Expense,INR
14/09/2019 18:49:33,Cash,Income,Salary,Monthly salary,28909.63,Income,INR
05/10/2019 13:05:52,Saving Bank account 1,Festivals,Diwali,,278.87,Expense,INR
12/08/2022 04:36:11,Cash,Apparel,Laundry,Blanket cleaned,336.08,Expense,INR
13/03/2021 21:05:12,Credit Card,Investment,Equity Mutual Fund E,,8817.99,Transfer-Out,INR
20/12/2022 14:37:49,Credit Card,Transportation,Train,Place A to B,436.87,Expense,INR
01/10/2019 11:51:01,Saving Bank account 1,Other,Misc,,941.45,Expense,INR
22/10/2022 16:10:14,Saving Bank account 1,Festivals,Diwali,,844.89,Expense,INR
29/09/2019 12:19:05,Credit Card,Transportation,Train,To Office,582.57,Expense,INR
08/07/2021 05:40:56,Credit Card,Apparel,Laundry,5 clothes washed,760.05,Expense,INR
11/08/2022 03:25:56,Cash,Investment,Small Cap fund 2,,1856.22,Transfer-Out,INR
11/11/2019 09:53:58,Saving Bank account 1,subscription,Netflix,Annual plan,833.83,Expense,INR
03/10/2018 11:38:50,Credit Card,Food,Lunch,Home Delivery,880.79,Expense,INR
27/02/2021 14:42:50,Saving Bank account 1,Other,Misc,,368.08,Expense,INR
13/10/2021 23:49:40,Credit Card,Transportation,Train,Place A to B,956.15,Expense,INR
12/08/2022 15:06:12,Cash,Investment,Small Cap fund 2,,2188.03,Transfer-Out,INR
24/09/2021 21:23:22,Cash,Food,Lunch,Restaurant,942.81,Expense,INR
25/12/2020 04:48:06,Saving Bank account 1,Other,Donation,To Temple,944.11,Expense,INR
26/02/2021 06:23:39,Cash,Income,Bonus,Year-end bonus,5674.73,Income,INR
12/05/2019 16:58:51,Credit Card,Investment,Equity Mutual Fund E,,8965.14,Transfer-Out,INR
11/06/2019 16:08:40,Saving Bank account 1,Transportation,Train,Place A to B,456.61,Expense,INR
22/12/2020 16:07:32,Credit Card,subscription,Mobile Service Provider,,427.03,Expense,INR
31/10/2018 08:10:30,Cash,Food,Grocery,Monthly stock,560.59,Expense,INR
12/09/2018 07:05:38,Credit Card,subscription,Spotify,,896.45,Expense,INR
26/05/2019 18:19:01,Cash,Apparel,Laundry,5 clothes washed,764.0,Expense,INR
07/06/2020 09:01:41,Credit Card,subscription,Amazon Prime,,131.7,Expense,INR
10/03/2019 10:19:31,Cash,Festivals,Diwali,,833.88,Expense,INR
07/06/2021 22:56:17,Credit Card,Festivals,Ganesh Pujan,,930.88,Expense,INR
14/11/2020 00:28:52,Cash,Income,Salary,Monthly salary,10252.42,Income,INR
20/01/2021 07:09:16,Credit Card,Investment,Small Cap fund 2,,8200.45,Transfer-Out,INR
06/05/2021 05:54:04,Cash,subscription,Spotify,,380.61,Expense,INR
22/04/2021 11:10:12,Credit Card,Income,Gpay Reward,Cashback,45813.93,Income,INR
06/07/2022 17:38:07,Cash,Apparel,Laundry,5 clothes washed,396.8,Expense,INR
21/06/2020 05:14:35,Cash,subscription,Amazon Prime,,445.56,Expense,INR
02/07/2020 03:21:09,Saving Bank account 1,subscription,Netflix,Monthly plan,435.6,Expense,INR
13/11/2021 21:44:39,Credit Card,Transportation,Auto,Home to Station,347.69,Expense,INR
04/01/2022 01:07:16,Saving Bank account 1,Apparel,Laundry,Blanket cleaned,93.99,Expense,INR
28/05/2022 04:03:23,Cash,Transportation,Train,Place A to B,304.24,Expense,INR
30/01/2021 11:40:11,Credit Card,Transportation,Bus,Commute to Market,289.45,Expense,INR
01/06/2020 12:02:52,Credit Card,Income,Freelance,Upwork payout,39397.91,Income,INR
27/02/2019 14:14:07,Cash,Income,Salary,Monthly salary,22632.07,Income,INR
01/05/2022 14:45:44,Credit Card,subscription,Netflix,Monthly plan,609.75,Expense,INR
12/01/2019 07:12:02,Saving Bank account 1,Apparel,Laundry,5 clothes washed,205.35,Expense,INR
11/09/2018 03:58:29,Cash,Festivals,Diwali,,857.65,Expense,INR
15/05/2021 06:21:07,Saving Bank account 1,Festivals,Ganesh Pujan,,75.23,Expense,INR
10/04/2021 15:28:03,Credit Card,Apparel,Laundry,5 clothes washed,72.01,Expense,INR
27/11/2022 16:20:04,Cash,subscription,Amazon Prime,,730.84,Expense,INR
15/04/2019 18:25:42,Cash,Income,Gpay Reward,Cashback,19746.17,Income,INR
22/07/2021 19:51:54,Cash,Investment,Equity Mutual Fund E,,9839.14,Transfer-Out,INR
04/06/2019 05:19:55,Saving Bank account 1,Transportation,Auto,Office to Home,232.18,Expense,INR
30/08/2022 02:17:40,Cash,Food,Milk,1L Amul milk,379.11,Expense,INR
22/04/2022 04:21:19,Saving Bank account 1,Investment,Small Cap fund 2,,2445.87,Transfer-Out,INR
22/05/2020 10:07:08,Cash,Transportation,Train,Place A to B,280.15,Expense,INR
07/09/2020 16:36:09,Credit Card,Other,Gift,Birthday Gift,296.45,Expense,INR
10/01/2019 03:01:31,Credit Card,Income,Gpay Reward,Cashback,14356.55,Income,INR
26/07/2022 22:46:48,Credit Card,Food,Milk,Half litre milk,823.97,Expense,INR
01/03/2022 08:49:12,Credit Card,Income,Salary,Monthly salary,2006.27,Income,INR
09/05/2019 00:22:19,Saving Bank account 1,Apparel,Laundry,5 clothes washed,319.84,Expense,INR
10/11/2020 13:58:07,Credit Card,Transportation,Auto,Office to Home,129.59,Expense,INR
26/01/2021 06:56:20,Saving Bank account 1,Transportation,Train,Place A to B,297.07,Expense,INR
20/06/2022 07:59:02,Saving Bank account 1,Income,Salary,Monthly salary,17129.18,Income,INR
06/09/2020 10:50:59,Saving Bank account 1,Transportation,Train,To Office,624.94,Expense,INR
25/09/2020 11:00:52,Cash,Income,Bonus,Year-end bonus,21470.71,Income,INR
22/07/2019 08:55:56,Credit Card,Investment,Equity Mutual Fund E,,3526.94,Transfer-Out,INR
01/02/2019 06:14:08,Saving Bank account 1,Apparel,Laundry,5 clothes washed,531.85,Expense,INR
23/09/2020 00:28:33,Saving Bank account 1,Other,Donation,To Temple,145.73,Expense,INR
07/06/2021 09:37:55,Saving Bank account 1,Other,Donation,Street Charity,670.72,Expense,INR
18/03/2021 18:14:38,Credit Card,Apparel,Laundry,Blanket cleaned,971.46,Expense,INR
04/04/2019 10:13:10,Cash,Investment,Equity Mutual Fund E,,3244.77,Transfer-Out,INR
08/12/2021 04:04:23,Cash,Apparel,Laundry,5 clothes washed,117.64,Expense,INR
12/10/2020 12:04:00,Credit Card,Income,Freelance,Client payment,9783.38,Income,INR
08/10/2018 19:03:06,Credit Card,Festivals,Diwali,,615.62,Expense,INR
17/10/2019 07:58:06,Credit Card,subscription,Mobile Service Provider,,281.35,Expense,INR
10/07/2022 18:58:51,Cash,Festivals,Holi,,306.43,Expense,INR
15/10/2021 01:37:32,Credit Card,subscription,Netflix,Monthly plan,409.79,Expense,INR
26/03/2020 07:36:58,Saving Bank account 1,subscription,Spotify,,776.13,Expense,INR
19/12/2018 23:45:02,Credit Card,Transportation,Train,Place A to B,845.54,Expense,INR
22/01/2022 14:50:12,Cash,Investment,Equity Mutual Fund E,,5592.96,Transfer-Out,INR
16/09/2019 13:42:01,Saving Bank account 1,Other,Misc,,467.11,Expense,INR
03/01/2022 22:14:17,Cash,Investment,Small Cap fund 2,,1601.16,Transfer-Out,INR
25/11/2020 20:39:59,Credit Card,Other,Gift,Birthday Gift,220.51,Expense,INR
19/09/2018 22:31:21,Cash,subscription,Amazon Prime,,50.47,Expense,INR
24/07/2020 14:17:15,Cash,Investment,Small Cap fund 2,,4214.68,Transfer-Out,INR
24/12/2021 01:51:42,Cash,Transportation,Train,Place A to B,346.36,Expense,INR
08/05/2020 03:42:24,Cash,Income,Gpay Reward,Cashback,10473.97,Income,INR
25/10/2022 02:29:25,Cash,subscription,Netflix,Monthly plan,844.48,Expense,INR
02/01/2019 17:12:43,Cash,Festivals,Ganesh Pujan,,206.93,Expense,INR
27/10/2020 01:35:06,Cash,Food,Lunch,Home Delivery,811.72,Expense,INR
17/03/2021 15:50:08,Cash,Festivals,Holi,,174.21,Expense,INR
06/09/2021 03:51:10,Cash,Transportation,Bus,Commute to Market,296.75,Expense,INR
21/10/2022 14:55:00,Credit Card,Apparel,Laundry,5 clothes washed,673.26,Expense,INR
30/08/2020 12:53:48,Saving Bank account 1,Food,Milk,1L Amul milk,682.01,Expense,INR
19/10/2018 16:09:54,Credit Card,Food,Milk,1L Amul milk,795.93,Expense,INR
05/04/2021 07:58:56,Saving Bank account 1,Other,Donation,To Temple,639.57,Expense,INR
02/04/2022 10:53:08,Credit Card,Food,Lunch,Restaurant,526.94,Expense,INR
21/09/2021 11:06:42,Cash,Food,Lunch,Restaurant,613.1,Expense,INR
01/05/2019 11:08:04,Saving Bank account 1,Food,Lunch,Home Delivery,628.43,Expense,INR
23/03/2021 11:49:30,Cash,Income,Freelance,Upwork payout,16177.98,Income,INR
21/07/2019 18:06:32,Saving Bank account 1,Festivals,Diwali,,585.68,Expense,INR
17/05/2021 05:36:55,Saving Bank account 1,Other,Donation,To Temple,135.28,Expense,INR
08/05/2022 12:51:42,Saving Bank account 1,Apparel,Laundry,5 clothes washed,487.38,Expense,INR
12/05/2022 20:50:57,Credit Card,Festivals,Diwali,,638.05,Expense,INR
10/03/2022 16:48:36,Cash,Other,Gift,Festival Gift,369.2,Expense,INR
25/11/2021 08:06:28,Saving Bank account 1,subscription,Netflix,Annual plan,970.42,Expense,INR
19/04/2019 22:45:06,Saving Bank account 1,subscription,Spotify,,426.75,Expense,INR
10/04/2021 18:29:27,Cash,Festivals,Holi,,971.11,Expense,INR
21/12/2020 02:42:51,Saving Bank account 1,Income,Bonus,Year-end bonus,24412.61,Income,INR
05/08/2022 23:28:19,Credit Card,Festivals,Diwali,,518.13,Expense,INR
20/12/2020 11:24:11,Credit Card,Income,Salary,Monthly salary,39990.68,Income,INR
12/02/2020 05:59:21,Cash,Other,Misc,,282.95,Expense,INR
20/11/2018 23:42:07,Credit Card,Other,Gift,Birthday Gift,473.5,Expense,INR
19/11/2022 04:11:24,Credit Card,Investment,Small Cap fund 2,,8756.53,Transfer-Out,INR
11/06/2021 18:15:22,Credit Card,Festivals,Diwali,,432.66,Expense,INR
21/08/2022 11:46:23,Saving Bank account 1,Festivals,Holi,,864.95,Expense,INR
11/01/2021 03:19:19,Credit Card,Food,Grocery,Fruits & Veggies,460.46,Expense,INR
27/07/2019 21:28:07,Credit Card,subscription,Spotify,,628.24,Expense,INR
26/01/2020 11:04:10,Credit Card,Other,Misc,,114.66,Expense,INR
18/08/2019 11:00:38,Cash,Apparel,Laundry,5 clothes washed,814.18,Expense,INR
19/11/2019 08:21:30,Credit Card,Income,Gpay Reward,Cashback,39731.47,Income,INR
14/03/2019 10:19:16,Cash,Investment,Small Cap fund 2,,5522.95,Transfer-Out,INR
20/06/2021 16:22:13,Credit Card,Festivals,Diwali,,730.31,Expense,INR
08/09/2018 01:46:23,Saving Bank account 1,Transportation,Auto,Home to Station,269.79,Expense,INR
20/05/2019 15:58:17,Saving Bank account 1,Food,snacks,Burger,788.04,Expense,INR
26/05/2022 10:57:24,Credit Card,Other,Gift,Birthday Gift,604.54,Expense,INR
19/09/2018 09:47:37,Credit Card,Investment,Equity Mutual Fund E,,604.56,Transfer-Out,INR
29/10/2022 09:13:12,Cash,Food,Lunch,Home Delivery,737.08,Expense,INR
11/12/2018 04:35:56,Credit Card,Income,Bonus,Year-end bonus,28112.6,Income,INR
19/02/2021 09:01:57,Credit Card,Food,Grocery,Monthly stock,926.81,Expense,INR
18/12/2018 20:25:43,Cash,Income,Salary,Monthly salary,27092.31,Income,INR
03/10/2022 07:39:15,Cash,Apparel,Laundry,5 clothes washed,212.96,Expense,INR
08/09/2019 08:14:48,Cash,Transportation,Auto,Office to Home,286.67,Expense,INR
24/11/2019 10:28:35,Credit Card,Food,snacks,Sandwich,229.09,Expense,INR
01/04/2021 02:29:43,Cash,subscription,Spotify,,663.7,Expense,INR
05/10/2018 03:03:14,Saving Bank account 1,Investment,Small Cap fund 2,,8088.68,Transfer-Out,INR
02/09/2019 04:41:08,Cash,Apparel,Laundry,5 clothes washed,540.89,Expense,INR
02/12/2021 17:54:33,Credit Card,Other,Misc,,646.35,Expense,INR
21/10/2019 07:24:01,Saving Bank account 1,Transportation,Train,To Office,921.22,Expense,INR
01/10/2021 07:06:53,Credit Card,Other,Donation,Street Charity,594.89,Expense,INR
16/06/2019 15:28:10,Credit Card,Income,Bonus,Year-end bonus,47267.76,Income,INR
08/08/2022 08:51:37,Cash,Apparel,Laundry,Blanket cleaned,827.06,Expense,INR
11/10/2019 08:10:47,Saving Bank account 1,Apparel,Laundry,Blanket cleaned,752.02,Expense,INR
